,Brand,Price,Model,KMS_driven,Fuel,Variant
0,2019 Jeep Compass,17.05 Lakh,1.4 Limited Plus BSIV,"32,294 kms",Petrol,Automatic
1,2018 Honda Jazz,7.74 Lakh,VX CVT,"26,580 kms",Petrol,Automatic
2,2017 Hyundai i20,6.64 Lakh,Asta 1.4 CRDi,"85,483 kms",Diesel,Manual
3,2020 Tata Tiago,5.90 Lakh,XZ Plus Diesel,"69,848 kms",Diesel,Manual
4,2018 Honda Jazz,7.05 Lakh,V CVT,"64,554 kms",Petrol,Automatic
5,2020 Honda City,10.00 Lakh,V MT,"38,749 kms",Petrol,Manual
6,2017 Renault Duster,7.50 Lakh,Petrol RXS CVT,"31,525 kms",Petrol,Automatic
7,2015 Honda Jazz,5.25 Lakh,1.2 V AT i VTEC,"75,530 kms",Petrol,Automatic
8,2018 Renault Duster,7.10 Lakh,Petrol RXS CVT,"33,139 kms",Petrol,Automatic
9,2017 Hyundai Verna,8.90 Lakh,1.6 VTVT AT SX,"60,238 kms",Petrol,Automatic
10,2019 Maruti Wagon R,5.15 Lakh,VXI AMT 1.2,"42,532 kms",Petrol,Automatic
11,2021 Renault Duster,13.90 Lakh,RXZ Turbo CVT,"13,169 kms",Petrol,Automatic
12,2017 Maruti Alto 800,2.86 Lakh,LXI,"34,689 kms",Petrol,Manual
13,2012 Hyundai i10,2.65 Lakh,Magna,"42,592 kms",Petrol,Manual
14,2016 Honda Jazz,6.25 Lakh,V CVT,"39,821 kms",Petrol,Automatic
15,2019 Renault KWID,3.95 Lakh,1.0 RXT Opt BSIV,"29,321 kms",Petrol,Manual
16,2021 Hyundai Tucson,23.10 Lakh,GLS AT,"11,828 kms",Petrol,Automatic
17,2017 Jeep Compass,12.40 Lakh,2.0 Longitude,"58,463 kms",Diesel,Manual
18,2021 Renault KWID,4.40 Lakh,RXL,"4,491 kms",Petrol,Manual
19,2020 Kia Seltos,14.25 Lakh,HTX G,"13,400 kms",Petrol,Manual
20,2019 Jeep Compass,17.05 Lakh,1.4 Limited Plus BSIV,"32,294 kms",Petrol,Automatic
21,2018 Honda Jazz,7.74 Lakh,VX CVT,"26,580 kms",Petrol,Automatic
22,2017 Hyundai i20,6.64 Lakh,Asta 1.4 CRDi,"85,483 kms",Diesel,Manual
23,2020 Tata Tiago,5.90 Lakh,XZ Plus Diesel,"69,848 kms",Diesel,Manual
24,2018 Honda Jazz,7.05 Lakh,V CVT,"64,554 kms",Petrol,Automatic
25,2020 Honda City,10.00 Lakh,V MT,"38,749 kms",Petrol,Manual
26,2017 Renault Duster,7.50 Lakh,Petrol RXS CVT,"31,525 kms",Petrol,Automatic
27,2015 Honda Jazz,5.25 Lakh,1.2 V AT i VTEC,"75,530 kms",Petrol,Automatic
28,2018 Renault Duster,7.10 Lakh,Petrol RXS CVT,"33,139 kms",Petrol,Automatic
29,2017 Hyundai Verna,8.90 Lakh,1.6 VTVT AT SX,"60,238 kms",Petrol,Automatic
30,2019 Maruti Wagon R,5.15 Lakh,VXI AMT 1.2,"42,532 kms",Petrol,Automatic
31,2021 Renault Duster,13.90 Lakh,RXZ Turbo CVT,"13,169 kms",Petrol,Automatic
32,2017 Maruti Alto 800,2.86 Lakh,LXI,"34,689 kms",Petrol,Manual
33,2012 Hyundai i10,2.65 Lakh,Magna,"42,592 kms",Petrol,Manual
34,2016 Honda Jazz,6.25 Lakh,V CVT,"39,821 kms",Petrol,Automatic
35,2019 Renault KWID,3.95 Lakh,1.0 RXT Opt BSIV,"29,321 kms",Petrol,Manual
36,2021 Hyundai Tucson,23.10 Lakh,GLS AT,"11,828 kms",Petrol,Automatic
37,2017 Jeep Compass,12.40 Lakh,2.0 Longitude,"58,463 kms",Diesel,Manual
38,2021 Renault KWID,4.40 Lakh,RXL,"4,491 kms",Petrol,Manual
39,2020 Kia Seltos,14.25 Lakh,HTX G,"13,400 kms",Petrol,Manual
40,2019 Jeep Compass,17.05 Lakh,1.4 Limited Plus BSIV,"32,294 kms",Petrol,Automatic
41,2018 Honda Jazz,7.74 Lakh,VX CVT,"26,580 kms",Petrol,Automatic
42,2017 Hyundai i20,6.64 Lakh,Asta 1.4 CRDi,"85,483 kms",Diesel,Manual
43,2020 Tata Tiago,5.90 Lakh,XZ Plus Diesel,"69,848 kms",Diesel,Manual
44,2018 Honda Jazz,7.05 Lakh,V CVT,"64,554 kms",Petrol,Automatic
45,2020 Honda City,10.00 Lakh,V MT,"38,749 kms",Petrol,Manual
46,2017 Renault Duster,7.50 Lakh,Petrol RXS CVT,"31,525 kms",Petrol,Automatic
47,2015 Honda Jazz,5.25 Lakh,1.2 V AT i VTEC,"75,530 kms",Petrol,Automatic
48,2018 Renault Duster,7.10 Lakh,Petrol RXS CVT,"33,139 kms",Petrol,Automatic
49,2017 Hyundai Verna,8.90 Lakh,1.6 VTVT AT SX,"60,238 kms",Petrol,Automatic
50,2019 Maruti Wagon R,5.15 Lakh,VXI AMT 1.2,"42,532 kms",Petrol,Automatic
51,2021 Renault Duster,13.90 Lakh,RXZ Turbo CVT,"13,169 kms",Petrol,Automatic
52,2017 Maruti Alto 800,2.86 Lakh,LXI,"34,689 kms",Petrol,Manual
53,2012 Hyundai i10,2.65 Lakh,Magna,"42,592 kms",Petrol,Manual
54,2016 Honda Jazz,6.25 Lakh,V CVT,"39,821 kms",Petrol,Automatic
55,2019 Renault KWID,3.95 Lakh,1.0 RXT Opt BSIV,"29,321 kms",Petrol,Manual
56,2021 Hyundai Tucson,23.10 Lakh,GLS AT,"11,828 kms",Petrol,Automatic
57,2017 Jeep Compass,12.40 Lakh,2.0 Longitude,"58,463 kms",Diesel,Manual
58,2021 Renault KWID,4.40 Lakh,RXL,"4,491 kms",Petrol,Manual
59,2020 Kia Seltos,14.25 Lakh,HTX G,"13,400 kms",Petrol,Manual
60,2019 Jeep Compass,17.05 Lakh,1.4 Limited Plus BSIV,"32,294 kms",Petrol,Automatic
61,2018 Honda Jazz,7.74 Lakh,VX CVT,"26,580 kms",Petrol,Automatic
62,2017 Hyundai i20,6.64 Lakh,Asta 1.4 CRDi,"85,483 kms",Diesel,Manual
63,2020 Tata Tiago,5.90 Lakh,XZ Plus Diesel,"69,848 kms",Diesel,Manual
64,2018 Honda Jazz,7.05 Lakh,V CVT,"64,554 kms",Petrol,Automatic
65,2020 Honda City,10.00 Lakh,V MT,"38,749 kms",Petrol,Manual
66,2017 Renault Duster,7.50 Lakh,Petrol RXS CVT,"31,525 kms",Petrol,Automatic
67,2015 Honda Jazz,5.25 Lakh,1.2 V AT i VTEC,"75,530 kms",Petrol,Automatic
68,2018 Renault Duster,7.10 Lakh,Petrol RXS CVT,"33,139 kms",Petrol,Automatic
69,2017 Hyundai Verna,8.90 Lakh,1.6 VTVT AT SX,"60,238 kms",Petrol,Automatic
70,2019 Maruti Wagon R,5.15 Lakh,VXI AMT 1.2,"42,532 kms",Petrol,Automatic
71,2021 Renault Duster,13.90 Lakh,RXZ Turbo CVT,"13,169 kms",Petrol,Automatic
72,2017 Maruti Alto 800,2.86 Lakh,LXI,"34,689 kms",Petrol,Manual
73,2012 Hyundai i10,2.65 Lakh,Magna,"42,592 kms",Petrol,Manual
74,2016 Honda Jazz,6.25 Lakh,V CVT,"39,821 kms",Petrol,Automatic
75,2019 Renault KWID,3.95 Lakh,1.0 RXT Opt BSIV,"29,321 kms",Petrol,Manual
76,2021 Hyundai Tucson,23.10 Lakh,GLS AT,"11,828 kms",Petrol,Automatic
77,2017 Jeep Compass,12.40 Lakh,2.0 Longitude,"58,463 kms",Diesel,Manual
78,2021 Renault KWID,4.40 Lakh,RXL,"4,491 kms",Petrol,Manual
79,2020 Kia Seltos,14.25 Lakh,HTX G,"13,400 kms",Petrol,Manual
0,2018 Maruti Ciaz,7.40 Lakh,1.4 Alpha,"46,322 kms",Petrol,Manual
1,2018 Maruti Swift Dzire,6.63 Lakh,VXI 1.2,"30,692 kms",Petrol,Manual
2,2020 Hyundai Venue,10.80 Lakh,SX Turbo,"15,331 kms",Petrol,Manual
3,2021 Mahindra XUV300,13.50 Lakh,W8 Option,"7,068 kms",Petrol,Manual
4,2018 Maruti Swift,7.10 Lakh,ZXI,"28,303 kms",Petrol,Manual
5,2018 Maruti Ciaz,8.47 Lakh,1.4 AT Zeta,"42,619 kms",Petrol,Automatic
6,2017 Hyundai Verna,9.10 Lakh,VTVT 1.6 SX,"25,586 kms",Petrol,Manual
7,2020 MG Hector,19.90 Lakh,Sharp DCT,"13,165 kms",Petrol,Automatic
8,2017 Maruti Baleno RS,7.72 Lakh,1.0 Petrol,"21,488 kms",Petrol,Manual
9,2020 Maruti Ciaz,9.36 Lakh,Delta,"19,031 kms",Petrol,Manual
10,2016 Maruti Baleno,7.05 Lakh,1.2 Zeta,"52,998 kms",Petrol,Manual
11,2018 Toyota Yaris,9.46 Lakh,V BSIV,"7,599 kms",Petrol,Manual
12,2017 Hyundai Grand i10,6.17 Lakh,1.2 Kappa Asta,"29,649 kms",Petrol,Manual
13,2017 Hyundai i20,7.30 Lakh,Petrol Asta Option,"41,305 kms",Petrol,Manual
14,2016 Honda Jazz,7.25 Lakh,1.2 V AT i VTEC,"30,000 kms",Petrol,Automatic
15,2013 Fiat Linea,4.15 Lakh,T Jet Emotion,"54,000 kms",Petrol,Manual
16,2015 Jaguar XF,21.75 Lakh,2.2 Litre Executive,"83,000 kms",Diesel,Automatic
17,2015 Hyundai i20,6.45 Lakh,Asta Option 1.2,"34,000 kms",Petrol,Manual
18,2010 Ford Figo,2.85 Lakh,Petrol Titanium,"18,000 kms",Petrol,Manual
19,2019 Mercedes-Benz GLC,57.95 Lakh,Progressive 220d,"33,000 kms",Diesel,Automatic
20,2018 Maruti Ciaz,7.40 Lakh,1.4 Alpha,"46,322 kms",Petrol,Manual
21,2018 Maruti Swift Dzire,6.63 Lakh,VXI 1.2,"30,692 kms",Petrol,Manual
22,2020 Hyundai Venue,10.80 Lakh,SX Turbo,"15,331 kms",Petrol,Manual
23,2021 Mahindra XUV300,13.50 Lakh,W8 Option,"7,068 kms",Petrol,Manual
24,2018 Maruti Swift,7.10 Lakh,ZXI,"28,303 kms",Petrol,Manual
25,2018 Maruti Ciaz,8.47 Lakh,1.4 AT Zeta,"42,619 kms",Petrol,Automatic
26,2017 Hyundai Verna,9.10 Lakh,VTVT 1.6 SX,"25,586 kms",Petrol,Manual
27,2020 MG Hector,19.90 Lakh,Sharp DCT,"13,165 kms",Petrol,Automatic
28,2017 Maruti Baleno RS,7.72 Lakh,1.0 Petrol,"21,488 kms",Petrol,Manual
29,2020 Maruti Ciaz,9.36 Lakh,Delta,"19,031 kms",Petrol,Manual
30,2016 Maruti Baleno,7.05 Lakh,1.2 Zeta,"52,998 kms",Petrol,Manual
31,2018 Toyota Yaris,9.46 Lakh,V BSIV,"7,599 kms",Petrol,Manual
32,2017 Hyundai Grand i10,6.17 Lakh,1.2 Kappa Asta,"29,649 kms",Petrol,Manual
33,2017 Hyundai i20,7.30 Lakh,Petrol Asta Option,"41,305 kms",Petrol,Manual
34,2016 Honda Jazz,7.25 Lakh,1.2 V AT i VTEC,"30,000 kms",Petrol,Automatic
35,2013 Fiat Linea,4.15 Lakh,T Jet Emotion,"54,000 kms",Petrol,Manual
36,2015 Jaguar XF,21.75 Lakh,2.2 Litre Executive,"83,000 kms",Diesel,Automatic
37,2015 Hyundai i20,6.45 Lakh,Asta Option 1.2,"34,000 kms",Petrol,Manual
38,2010 Ford Figo,2.85 Lakh,Petrol Titanium,"18,000 kms",Petrol,Manual
39,2019 Mercedes-Benz GLC,57.95 Lakh,Progressive 220d,"33,000 kms",Diesel,Automatic
40,2018 Maruti Ciaz,7.40 Lakh,1.4 Alpha,"46,322 kms",Petrol,Manual
41,2018 Maruti Swift Dzire,6.63 Lakh,VXI 1.2,"30,692 kms",Petrol,Manual
42,2020 Hyundai Venue,10.80 Lakh,SX Turbo,"15,331 kms",Petrol,Manual
43,2021 Mahindra XUV300,13.50 Lakh,W8 Option,"7,068 kms",Petrol,Manual
44,2018 Maruti Swift,7.10 Lakh,ZXI,"28,303 kms",Petrol,Manual
45,2018 Maruti Ciaz,8.47 Lakh,1.4 AT Zeta,"42,619 kms",Petrol,Automatic
46,2017 Hyundai Verna,9.10 Lakh,VTVT 1.6 SX,"25,586 kms",Petrol,Manual
47,2020 MG Hector,19.90 Lakh,Sharp DCT,"13,165 kms",Petrol,Automatic
48,2017 Maruti Baleno RS,7.72 Lakh,1.0 Petrol,"21,488 kms",Petrol,Manual
49,2020 Maruti Ciaz,9.36 Lakh,Delta,"19,031 kms",Petrol,Manual
50,2016 Maruti Baleno,7.05 Lakh,1.2 Zeta,"52,998 kms",Petrol,Manual
51,2018 Toyota Yaris,9.46 Lakh,V BSIV,"7,599 kms",Petrol,Manual
52,2017 Hyundai Grand i10,6.17 Lakh,1.2 Kappa Asta,"29,649 kms",Petrol,Manual
53,2017 Hyundai i20,7.30 Lakh,Petrol Asta Option,"41,305 kms",Petrol,Manual
54,2016 Honda Jazz,7.25 Lakh,1.2 V AT i VTEC,"30,000 kms",Petrol,Automatic
55,2013 Fiat Linea,4.15 Lakh,T Jet Emotion,"54,000 kms",Petrol,Manual
56,2015 Jaguar XF,21.75 Lakh,2.2 Litre Executive,"83,000 kms",Diesel,Automatic
57,2015 Hyundai i20,6.45 Lakh,Asta Option 1.2,"34,000 kms",Petrol,Manual
58,2010 Ford Figo,2.85 Lakh,Petrol Titanium,"18,000 kms",Petrol,Manual
59,2019 Mercedes-Benz GLC,57.95 Lakh,Progressive 220d,"33,000 kms",Diesel,Automatic
60,2018 Maruti Ciaz,7.40 Lakh,1.4 Alpha,"46,322 kms",Petrol,Manual
61,2018 Maruti Swift Dzire,6.63 Lakh,VXI 1.2,"30,692 kms",Petrol,Manual
62,2020 Hyundai Venue,10.80 Lakh,SX Turbo,"15,331 kms",Petrol,Manual
63,2021 Mahindra XUV300,13.50 Lakh,W8 Option,"7,068 kms",Petrol,Manual
64,2018 Maruti Swift,7.10 Lakh,ZXI,"28,303 kms",Petrol,Manual
65,2018 Maruti Ciaz,8.47 Lakh,1.4 AT Zeta,"42,619 kms",Petrol,Automatic
66,2017 Hyundai Verna,9.10 Lakh,VTVT 1.6 SX,"25,586 kms",Petrol,Manual
67,2020 MG Hector,19.90 Lakh,Sharp DCT,"13,165 kms",Petrol,Automatic
68,2017 Maruti Baleno RS,7.72 Lakh,1.0 Petrol,"21,488 kms",Petrol,Manual
69,2020 Maruti Ciaz,9.36 Lakh,Delta,"19,031 kms",Petrol,Manual
70,2016 Maruti Baleno,7.05 Lakh,1.2 Zeta,"52,998 kms",Petrol,Manual
71,2018 Toyota Yaris,9.46 Lakh,V BSIV,"7,599 kms",Petrol,Manual
72,2017 Hyundai Grand i10,6.17 Lakh,1.2 Kappa Asta,"29,649 kms",Petrol,Manual
73,2017 Hyundai i20,7.30 Lakh,Petrol Asta Option,"41,305 kms",Petrol,Manual
74,2016 Honda Jazz,7.25 Lakh,1.2 V AT i VTEC,"30,000 kms",Petrol,Automatic
75,2013 Fiat Linea,4.15 Lakh,T Jet Emotion,"54,000 kms",Petrol,Manual
76,2015 Jaguar XF,21.75 Lakh,2.2 Litre Executive,"83,000 kms",Diesel,Automatic
77,2015 Hyundai i20,6.45 Lakh,Asta Option 1.2,"34,000 kms",Petrol,Manual
78,2010 Ford Figo,2.85 Lakh,Petrol Titanium,"18,000 kms",Petrol,Manual
79,2019 Mercedes-Benz GLC,57.95 Lakh,Progressive 220d,"33,000 kms",Diesel,Automatic
0,2016 Maruti Celerio,3.92 Lakh,VXI AT,"59,183 kms",Petrol,Automatic
1,2021 Maruti Vitara Brezza,9.87 Lakh,VXI,600 kms,Petrol,Manual
2,2015 Honda Jazz,4.71 Lakh,1.2 VX i VTEC,"41,281 kms",Petrol,Manual
3,2017 Hyundai Creta,9.55 Lakh,1.6 VTVT SX Plus Dual Tone,"28,166 kms",Petrol,Manual
4,2015 Maruti Wagon R,3.21 Lakh,VXI BS IV,"27,141 kms",Petrol,Manual
5,2016 Hyundai i20,5.70 Lakh,Sportz 1.2,"21,433 kms",Petrol,Manual
6,2014 Honda City,5.30 Lakh,i VTEC CVT SV,"64,293 kms",Petrol,Automatic
7,2015 Hyundai i10,3.65 Lakh,Sportz 1.1L,"28,452 kms",Petrol,Manual
8,2018 Hyundai Creta,9.38 Lakh,1.6 VTVT E Plus,"38,844 kms",Petrol,Manual
9,2019 Tata Tiago,4.81 Lakh,1.2 Revotron XT,"28,966 kms",Petrol,Manual
10,2015 Hyundai Grand i10,4.72 Lakh,AT Asta,"37,146 kms",Petrol,Automatic
11,2016 Honda City,6.80 Lakh,i VTEC V,"46,446 kms",Petrol,Manual
12,2018 Maruti Baleno,7.30 Lakh,1.2 CVT Alpha,"21,283 kms",Petrol,Automatic
13,2017 Tata Hexa,11.24 Lakh,XMA,"51,857 kms",Diesel,Automatic
14,2013 Audi Q7,17.85 Lakh,3.0 TDI Quattro Technology,"85,000 kms",Diesel,Automatic
15,2022 Mercedes-Benz E-Class,92.00 Lakh,AMG E 350d,"2,100 kms",Diesel,Automatic
16,2020 Maruti Swift,8.25 Lakh,AMT ZXI,"12,800 kms",Petrol,Automatic
17,2019 Mercedes-Benz GLS,83.00 Lakh,350d 4MATIC,"21,000 kms",Diesel,Automatic
18,2011 BMW 5 Series,11.11 Lakh,520d Sedan,"77,800 kms",Diesel,Automatic
19,2021 MG Hector,18.00 Lakh,Sharp CVT,"27,200 kms",Petrol,Automatic
20,2016 Maruti Celerio,3.92 Lakh,VXI AT,"59,183 kms",Petrol,Automatic
21,2021 Maruti Vitara Brezza,9.87 Lakh,VXI,600 kms,Petrol,Manual
22,2015 Honda Jazz,4.71 Lakh,1.2 VX i VTEC,"41,281 kms",Petrol,Manual
23,2017 Hyundai Creta,9.55 Lakh,1.6 VTVT SX Plus Dual Tone,"28,166 kms",Petrol,Manual
24,2015 Maruti Wagon R,3.21 Lakh,VXI BS IV,"27,141 kms",Petrol,Manual
25,2016 Hyundai i20,5.70 Lakh,Sportz 1.2,"21,433 kms",Petrol,Manual
26,2014 Honda City,5.30 Lakh,i VTEC CVT SV,"64,293 kms",Petrol,Automatic
27,2015 Hyundai i10,3.65 Lakh,Sportz 1.1L,"28,452 kms",Petrol,Manual
28,2018 Hyundai Creta,9.38 Lakh,1.6 VTVT E Plus,"38,844 kms",Petrol,Manual
29,2019 Tata Tiago,4.81 Lakh,1.2 Revotron XT,"28,966 kms",Petrol,Manual
30,2015 Hyundai Grand i10,4.72 Lakh,AT Asta,"37,146 kms",Petrol,Automatic
31,2016 Honda City,6.80 Lakh,i VTEC V,"46,446 kms",Petrol,Manual
32,2018 Maruti Baleno,7.30 Lakh,1.2 CVT Alpha,"21,283 kms",Petrol,Automatic
33,2017 Tata Hexa,11.24 Lakh,XMA,"51,857 kms",Diesel,Automatic
34,2013 Audi Q7,17.85 Lakh,3.0 TDI Quattro Technology,"85,000 kms",Diesel,Automatic
35,2022 Mercedes-Benz E-Class,92.00 Lakh,AMG E 350d,"2,100 kms",Diesel,Automatic
36,2020 Maruti Swift,8.25 Lakh,AMT ZXI,"12,800 kms",Petrol,Automatic
37,2019 Mercedes-Benz GLS,83.00 Lakh,350d 4MATIC,"21,000 kms",Diesel,Automatic
38,2011 BMW 5 Series,11.11 Lakh,520d Sedan,"77,800 kms",Diesel,Automatic
39,2021 MG Hector,18.00 Lakh,Sharp CVT,"27,200 kms",Petrol,Automatic
40,2016 Maruti Celerio,3.92 Lakh,VXI AT,"59,183 kms",Petrol,Automatic
41,2021 Maruti Vitara Brezza,9.87 Lakh,VXI,600 kms,Petrol,Manual
42,2015 Honda Jazz,4.71 Lakh,1.2 VX i VTEC,"41,281 kms",Petrol,Manual
43,2017 Hyundai Creta,9.55 Lakh,1.6 VTVT SX Plus Dual Tone,"28,166 kms",Petrol,Manual
44,2015 Maruti Wagon R,3.21 Lakh,VXI BS IV,"27,141 kms",Petrol,Manual
45,2016 Hyundai i20,5.70 Lakh,Sportz 1.2,"21,433 kms",Petrol,Manual
46,2014 Honda City,5.30 Lakh,i VTEC CVT SV,"64,293 kms",Petrol,Automatic
47,2015 Hyundai i10,3.65 Lakh,Sportz 1.1L,"28,452 kms",Petrol,Manual
48,2018 Hyundai Creta,9.38 Lakh,1.6 VTVT E Plus,"38,844 kms",Petrol,Manual
49,2019 Tata Tiago,4.81 Lakh,1.2 Revotron XT,"28,966 kms",Petrol,Manual
50,2015 Hyundai Grand i10,4.72 Lakh,AT Asta,"37,146 kms",Petrol,Automatic
51,2016 Honda City,6.80 Lakh,i VTEC V,"46,446 kms",Petrol,Manual
52,2018 Maruti Baleno,7.30 Lakh,1.2 CVT Alpha,"21,283 kms",Petrol,Automatic
53,2017 Tata Hexa,11.24 Lakh,XMA,"51,857 kms",Diesel,Automatic
54,2013 Audi Q7,17.85 Lakh,3.0 TDI Quattro Technology,"85,000 kms",Diesel,Automatic
55,2022 Mercedes-Benz E-Class,92.00 Lakh,AMG E 350d,"2,100 kms",Diesel,Automatic
56,2020 Maruti Swift,8.25 Lakh,AMT ZXI,"12,800 kms",Petrol,Automatic
57,2019 Mercedes-Benz GLS,83.00 Lakh,350d 4MATIC,"21,000 kms",Diesel,Automatic
58,2011 BMW 5 Series,11.11 Lakh,520d Sedan,"77,800 kms",Diesel,Automatic
59,2021 MG Hector,18.00 Lakh,Sharp CVT,"27,200 kms",Petrol,Automatic
60,2016 Maruti Celerio,3.92 Lakh,VXI AT,"59,183 kms",Petrol,Automatic
61,2021 Maruti Vitara Brezza,9.87 Lakh,VXI,600 kms,Petrol,Manual
62,2015 Honda Jazz,4.71 Lakh,1.2 VX i VTEC,"41,281 kms",Petrol,Manual
63,2017 Hyundai Creta,9.55 Lakh,1.6 VTVT SX Plus Dual Tone,"28,166 kms",Petrol,Manual
64,2015 Maruti Wagon R,3.21 Lakh,VXI BS IV,"27,141 kms",Petrol,Manual
65,2016 Hyundai i20,5.70 Lakh,Sportz 1.2,"21,433 kms",Petrol,Manual
66,2014 Honda City,5.30 Lakh,i VTEC CVT SV,"64,293 kms",Petrol,Automatic
67,2015 Hyundai i10,3.65 Lakh,Sportz 1.1L,"28,452 kms",Petrol,Manual
68,2018 Hyundai Creta,9.38 Lakh,1.6 VTVT E Plus,"38,844 kms",Petrol,Manual
69,2019 Tata Tiago,4.81 Lakh,1.2 Revotron XT,"28,966 kms",Petrol,Manual
70,2015 Hyundai Grand i10,4.72 Lakh,AT Asta,"37,146 kms",Petrol,Automatic
71,2016 Honda City,6.80 Lakh,i VTEC V,"46,446 kms",Petrol,Manual
72,2018 Maruti Baleno,7.30 Lakh,1.2 CVT Alpha,"21,283 kms",Petrol,Automatic
73,2017 Tata Hexa,11.24 Lakh,XMA,"51,857 kms",Diesel,Automatic
74,2013 Audi Q7,17.85 Lakh,3.0 TDI Quattro Technology,"85,000 kms",Diesel,Automatic
75,2022 Mercedes-Benz E-Class,92.00 Lakh,AMG E 350d,"2,100 kms",Diesel,Automatic
76,2020 Maruti Swift,8.25 Lakh,AMT ZXI,"12,800 kms",Petrol,Automatic
77,2019 Mercedes-Benz GLS,83.00 Lakh,350d 4MATIC,"21,000 kms",Diesel,Automatic
78,2011 BMW 5 Series,11.11 Lakh,520d Sedan,"77,800 kms",Diesel,Automatic
79,2021 MG Hector,18.00 Lakh,Sharp CVT,"27,200 kms",Petrol,Automatic
0,2017 Hyundai i20,6.83 Lakh,Sportz 1.4 CRDi,"56,476 kms",Diesel,Manual
1,2016 Honda Jazz,4.05 Lakh,1.5 S i DTEC,"1,12,617 kms",Diesel,Manual
2,2018 Hyundai Verna,12.86 Lakh,CRDi 1.6 SX Option,"78,773 kms",Diesel,Manual
3,2020 Hyundai Venue,10.24 Lakh,SX iMT,"18,158 kms",Petrol,Manual
4,2020 Hyundai Aura,7.29 Lakh,S,"15,578 kms",Petrol,Manual
5,2017 Honda City,9.32 Lakh,i-VTEC CVT ZX,"57,726 kms",Petrol,Automatic
6,2017 Hyundai i20,6.15 Lakh,Sportz 1.2,"59,932 kms",Petrol,Manual
7,2019 Renault Triber,7.20 Lakh,RXZ BSIV,"8,896 kms",Petrol,Manual
8,2020 Nissan Kicks,10.23 Lakh,1.3 Turbo XV,"16,105 kms",Petrol,Manual
9,2018 Volkswagen Polo,7.08 Lakh,1.0 MPI Highline Plus,"24,041 kms",Petrol,Manual
10,2020 Toyota Innova Crysta,23.33 Lakh,2.4 ZX 7 STR,"26,341 kms",Diesel,Manual
11,2015 Toyota Etios Liva,6.14 Lakh,GD,"58,191 kms",Diesel,Manual
12,2014 BMW 3 Series,15.76 Lakh,320d Prestige,"90,649 kms",Diesel,Automatic
13,2017 Maruti Ciaz,8.82 Lakh,1.4 AT Alpha,"34,347 kms",Petrol,Automatic
14,2019 Land Rover Range Rover Velar,68.25 Lakh,P250 R-Dynamic HSE,"62,000 kms",Petrol,Automatic
15,2015 Audi A3,16.00 Lakh,35 TDI Premium Plus,"30,000 kms",Diesel,Automatic
16,2020 Skoda Octavia,25.00 Lakh,2.0 TDI AT Style,"12,000 kms",Diesel,Automatic
17,2016 Mercedes-Benz S-Class,61.00 Lakh,S 350 d,"75,000 kms",Diesel,Automatic
18,2020 BMW 7 Series,1.10 Cr,740Li DPE Signature,"13,000 kms",Petrol,Automatic
19,2015 Mercedes-Benz G,1.38 Cr,G63 AMG,"18,000 kms",Petrol,Automatic
20,2017 Hyundai i20,6.83 Lakh,Sportz 1.4 CRDi,"56,476 kms",Diesel,Manual
21,2016 Honda Jazz,4.05 Lakh,1.5 S i DTEC,"1,12,617 kms",Diesel,Manual
22,2018 Hyundai Verna,12.86 Lakh,CRDi 1.6 SX Option,"78,773 kms",Diesel,Manual
23,2020 Hyundai Venue,10.24 Lakh,SX iMT,"18,158 kms",Petrol,Manual
24,2020 Hyundai Aura,7.29 Lakh,S,"15,578 kms",Petrol,Manual
25,2017 Honda City,9.32 Lakh,i-VTEC CVT ZX,"57,726 kms",Petrol,Automatic
26,2017 Hyundai i20,6.15 Lakh,Sportz 1.2,"59,932 kms",Petrol,Manual
27,2019 Renault Triber,7.20 Lakh,RXZ BSIV,"8,896 kms",Petrol,Manual
28,2020 Nissan Kicks,10.23 Lakh,1.3 Turbo XV,"16,105 kms",Petrol,Manual
29,2018 Volkswagen Polo,7.08 Lakh,1.0 MPI Highline Plus,"24,041 kms",Petrol,Manual
30,2020 Toyota Innova Crysta,23.33 Lakh,2.4 ZX 7 STR,"26,341 kms",Diesel,Manual
31,2015 Toyota Etios Liva,6.14 Lakh,GD,"58,191 kms",Diesel,Manual
32,2014 BMW 3 Series,15.76 Lakh,320d Prestige,"90,649 kms",Diesel,Automatic
33,2017 Maruti Ciaz,8.82 Lakh,1.4 AT Alpha,"34,347 kms",Petrol,Automatic
34,2019 Land Rover Range Rover Velar,68.25 Lakh,P250 R-Dynamic HSE,"62,000 kms",Petrol,Automatic
35,2015 Audi A3,16.00 Lakh,35 TDI Premium Plus,"30,000 kms",Diesel,Automatic
36,2020 Skoda Octavia,25.00 Lakh,2.0 TDI AT Style,"12,000 kms",Diesel,Automatic
37,2016 Mercedes-Benz S-Class,61.00 Lakh,S 350 d,"75,000 kms",Diesel,Automatic
38,2020 BMW 7 Series,1.10 Cr,740Li DPE Signature,"13,000 kms",Petrol,Automatic
39,2015 Mercedes-Benz G,1.38 Cr,G63 AMG,"18,000 kms",Petrol,Automatic
40,2017 Hyundai i20,6.83 Lakh,Sportz 1.4 CRDi,"56,476 kms",Diesel,Manual
41,2016 Honda Jazz,4.05 Lakh,1.5 S i DTEC,"1,12,617 kms",Diesel,Manual
42,2018 Hyundai Verna,12.86 Lakh,CRDi 1.6 SX Option,"78,773 kms",Diesel,Manual
43,2020 Hyundai Venue,10.24 Lakh,SX iMT,"18,158 kms",Petrol,Manual
44,2020 Hyundai Aura,7.29 Lakh,S,"15,578 kms",Petrol,Manual
45,2017 Honda City,9.32 Lakh,i-VTEC CVT ZX,"57,726 kms",Petrol,Automatic
46,2017 Hyundai i20,6.15 Lakh,Sportz 1.2,"59,932 kms",Petrol,Manual
47,2019 Renault Triber,7.20 Lakh,RXZ BSIV,"8,896 kms",Petrol,Manual
48,2020 Nissan Kicks,10.23 Lakh,1.3 Turbo XV,"16,105 kms",Petrol,Manual
49,2018 Volkswagen Polo,7.08 Lakh,1.0 MPI Highline Plus,"24,041 kms",Petrol,Manual
50,2020 Toyota Innova Crysta,23.33 Lakh,2.4 ZX 7 STR,"26,341 kms",Diesel,Manual
51,2015 Toyota Etios Liva,6.14 Lakh,GD,"58,191 kms",Diesel,Manual
52,2014 BMW 3 Series,15.76 Lakh,320d Prestige,"90,649 kms",Diesel,Automatic
53,2017 Maruti Ciaz,8.82 Lakh,1.4 AT Alpha,"34,347 kms",Petrol,Automatic
54,2019 Land Rover Range Rover Velar,68.25 Lakh,P250 R-Dynamic HSE,"62,000 kms",Petrol,Automatic
55,2015 Audi A3,16.00 Lakh,35 TDI Premium Plus,"30,000 kms",Diesel,Automatic
56,2020 Skoda Octavia,25.00 Lakh,2.0 TDI AT Style,"12,000 kms",Diesel,Automatic
57,2016 Mercedes-Benz S-Class,61.00 Lakh,S 350 d,"75,000 kms",Diesel,Automatic
58,2020 BMW 7 Series,1.10 Cr,740Li DPE Signature,"13,000 kms",Petrol,Automatic
59,2015 Mercedes-Benz G,1.38 Cr,G63 AMG,"18,000 kms",Petrol,Automatic
60,2017 Hyundai i20,6.83 Lakh,Sportz 1.4 CRDi,"56,476 kms",Diesel,Manual
61,2016 Honda Jazz,4.05 Lakh,1.5 S i DTEC,"1,12,617 kms",Diesel,Manual
62,2018 Hyundai Verna,12.86 Lakh,CRDi 1.6 SX Option,"78,773 kms",Diesel,Manual
63,2020 Hyundai Venue,10.24 Lakh,SX iMT,"18,158 kms",Petrol,Manual
64,2020 Hyundai Aura,7.29 Lakh,S,"15,578 kms",Petrol,Manual
65,2017 Honda City,9.32 Lakh,i-VTEC CVT ZX,"57,726 kms",Petrol,Automatic
66,2017 Hyundai i20,6.15 Lakh,Sportz 1.2,"59,932 kms",Petrol,Manual
67,2019 Renault Triber,7.20 Lakh,RXZ BSIV,"8,896 kms",Petrol,Manual
68,2020 Nissan Kicks,10.23 Lakh,1.3 Turbo XV,"16,105 kms",Petrol,Manual
69,2018 Volkswagen Polo,7.08 Lakh,1.0 MPI Highline Plus,"24,041 kms",Petrol,Manual
70,2020 Toyota Innova Crysta,23.33 Lakh,2.4 ZX 7 STR,"26,341 kms",Diesel,Manual
71,2015 Toyota Etios Liva,6.14 Lakh,GD,"58,191 kms",Diesel,Manual
72,2014 BMW 3 Series,15.76 Lakh,320d Prestige,"90,649 kms",Diesel,Automatic
73,2017 Maruti Ciaz,8.82 Lakh,1.4 AT Alpha,"34,347 kms",Petrol,Automatic
74,2019 Land Rover Range Rover Velar,68.25 Lakh,P250 R-Dynamic HSE,"62,000 kms",Petrol,Automatic
75,2015 Audi A3,16.00 Lakh,35 TDI Premium Plus,"30,000 kms",Diesel,Automatic
76,2020 Skoda Octavia,25.00 Lakh,2.0 TDI AT Style,"12,000 kms",Diesel,Automatic
77,2016 Mercedes-Benz S-Class,61.00 Lakh,S 350 d,"75,000 kms",Diesel,Automatic
78,2020 BMW 7 Series,1.10 Cr,740Li DPE Signature,"13,000 kms",Petrol,Automatic
79,2015 Mercedes-Benz G,1.38 Cr,G63 AMG,"18,000 kms",Petrol,Automatic
0,2017 Renault KWID,2.85 Lakh,RXL,"15,581 kms",Petrol,Manual
1,2015 Honda City,7.18 Lakh,i VTEC CVT VX,"61,969 kms",Petrol,Automatic
2,2022 Maruti Ciaz,12.60 Lakh,Alpha AT,"3,665 kms",Petrol,Automatic
3,2014 Hyundai i20,3.65 Lakh,Sportz 1.2,"57,702 kms",Petrol,Manual
4,2019 Hyundai Creta,13.20 Lakh,1.6 SX Option,"24,441 kms",Petrol,Manual
5,2016 Maruti SX4 S Cross,5.18 Lakh,DDiS 320 Alpha,"1,29,349 kms",Diesel,Manual
6,2016 Honda City,6.77 Lakh,i VTEC V,"63,888 kms",Petrol,Manual
7,2018 Maruti Baleno,6.20 Lakh,1.2 Zeta,"45,441 kms",Petrol,Manual
8,2017 Toyota Innova Crysta,17.46 Lakh,2.4 VX MT 8 STR,"34,941 kms",Diesel,Manual
9,2018 Mahindra Marazzo,9.75 Lakh,M6,"21,211 kms",Diesel,Manual
10,2021 Tata Nexon,10.50 Lakh,XZ Plus S,"16,150 kms",Petrol,Manual
11,2017 Maruti Baleno,6.11 Lakh,1.2 Zeta,"48,715 kms",Petrol,Manual
12,2017 Mahindra Thar,7.46 Lakh,CRDe,"42,218 kms",Diesel,Manual
13,2016 Hyundai Creta,8.91 Lakh,1.6 VTVT SX Plus,"42,785 kms",Petrol,Manual
14,2019 Land Rover Range Rover Velar,68.25 Lakh,P250 R-Dynamic HSE,"62,000 kms",Petrol,Automatic
15,2015 Mercedes-Benz G,1.38 Cr,G63 AMG,"18,000 kms",Petrol,Automatic
16,2020 Skoda Octavia,25.00 Lakh,2.0 TDI AT Style,"12,000 kms",Diesel,Automatic
17,2015 Audi A3,16.00 Lakh,35 TDI Premium Plus,"30,000 kms",Diesel,Automatic
18,2016 Mercedes-Benz S-Class,61.00 Lakh,S 350 d,"75,000 kms",Diesel,Automatic
19,2020 BMW 7 Series,1.10 Cr,740Li DPE Signature,"13,000 kms",Petrol,Automatic
20,2017 Renault KWID,2.85 Lakh,RXL,"15,581 kms",Petrol,Manual
21,2015 Honda City,7.18 Lakh,i VTEC CVT VX,"61,969 kms",Petrol,Automatic
22,2022 Maruti Ciaz,12.60 Lakh,Alpha AT,"3,665 kms",Petrol,Automatic
23,2014 Hyundai i20,3.65 Lakh,Sportz 1.2,"57,702 kms",Petrol,Manual
24,2019 Hyundai Creta,13.20 Lakh,1.6 SX Option,"24,441 kms",Petrol,Manual
25,2016 Maruti SX4 S Cross,5.18 Lakh,DDiS 320 Alpha,"1,29,349 kms",Diesel,Manual
26,2016 Honda City,6.77 Lakh,i VTEC V,"63,888 kms",Petrol,Manual
27,2018 Maruti Baleno,6.20 Lakh,1.2 Zeta,"45,441 kms",Petrol,Manual
28,2017 Toyota Innova Crysta,17.46 Lakh,2.4 VX MT 8 STR,"34,941 kms",Diesel,Manual
29,2018 Mahindra Marazzo,9.75 Lakh,M6,"21,211 kms",Diesel,Manual
30,2021 Tata Nexon,10.50 Lakh,XZ Plus S,"16,150 kms",Petrol,Manual
31,2017 Maruti Baleno,6.11 Lakh,1.2 Zeta,"48,715 kms",Petrol,Manual
32,2017 Mahindra Thar,7.46 Lakh,CRDe,"42,218 kms",Diesel,Manual
33,2016 Hyundai Creta,8.91 Lakh,1.6 VTVT SX Plus,"42,785 kms",Petrol,Manual
34,2019 Land Rover Range Rover Velar,68.25 Lakh,P250 R-Dynamic HSE,"62,000 kms",Petrol,Automatic
35,2015 Mercedes-Benz G,1.38 Cr,G63 AMG,"18,000 kms",Petrol,Automatic
36,2020 Skoda Octavia,25.00 Lakh,2.0 TDI AT Style,"12,000 kms",Diesel,Automatic
37,2015 Audi A3,16.00 Lakh,35 TDI Premium Plus,"30,000 kms",Diesel,Automatic
38,2016 Mercedes-Benz S-Class,61.00 Lakh,S 350 d,"75,000 kms",Diesel,Automatic
39,2020 BMW 7 Series,1.10 Cr,740Li DPE Signature,"13,000 kms",Petrol,Automatic
40,2017 Renault KWID,2.85 Lakh,RXL,"15,581 kms",Petrol,Manual
41,2015 Honda City,7.18 Lakh,i VTEC CVT VX,"61,969 kms",Petrol,Automatic
42,2022 Maruti Ciaz,12.60 Lakh,Alpha AT,"3,665 kms",Petrol,Automatic
43,2014 Hyundai i20,3.65 Lakh,Sportz 1.2,"57,702 kms",Petrol,Manual
44,2019 Hyundai Creta,13.20 Lakh,1.6 SX Option,"24,441 kms",Petrol,Manual
45,2016 Maruti SX4 S Cross,5.18 Lakh,DDiS 320 Alpha,"1,29,349 kms",Diesel,Manual
46,2016 Honda City,6.77 Lakh,i VTEC V,"63,888 kms",Petrol,Manual
47,2018 Maruti Baleno,6.20 Lakh,1.2 Zeta,"45,441 kms",Petrol,Manual
48,2017 Toyota Innova Crysta,17.46 Lakh,2.4 VX MT 8 STR,"34,941 kms",Diesel,Manual
49,2018 Mahindra Marazzo,9.75 Lakh,M6,"21,211 kms",Diesel,Manual
50,2021 Tata Nexon,10.50 Lakh,XZ Plus S,"16,150 kms",Petrol,Manual
51,2017 Maruti Baleno,6.11 Lakh,1.2 Zeta,"48,715 kms",Petrol,Manual
52,2017 Mahindra Thar,7.46 Lakh,CRDe,"42,218 kms",Diesel,Manual
53,2016 Hyundai Creta,8.91 Lakh,1.6 VTVT SX Plus,"42,785 kms",Petrol,Manual
54,2019 Land Rover Range Rover Velar,68.25 Lakh,P250 R-Dynamic HSE,"62,000 kms",Petrol,Automatic
55,2015 Mercedes-Benz G,1.38 Cr,G63 AMG,"18,000 kms",Petrol,Automatic
56,2020 Skoda Octavia,25.00 Lakh,2.0 TDI AT Style,"12,000 kms",Diesel,Automatic
57,2015 Audi A3,16.00 Lakh,35 TDI Premium Plus,"30,000 kms",Diesel,Automatic
58,2016 Mercedes-Benz S-Class,61.00 Lakh,S 350 d,"75,000 kms",Diesel,Automatic
59,2020 BMW 7 Series,1.10 Cr,740Li DPE Signature,"13,000 kms",Petrol,Automatic
60,2017 Renault KWID,2.85 Lakh,RXL,"15,581 kms",Petrol,Manual
61,2015 Honda City,7.18 Lakh,i VTEC CVT VX,"61,969 kms",Petrol,Automatic
62,2022 Maruti Ciaz,12.60 Lakh,Alpha AT,"3,665 kms",Petrol,Automatic
63,2014 Hyundai i20,3.65 Lakh,Sportz 1.2,"57,702 kms",Petrol,Manual
64,2019 Hyundai Creta,13.20 Lakh,1.6 SX Option,"24,441 kms",Petrol,Manual
65,2016 Maruti SX4 S Cross,5.18 Lakh,DDiS 320 Alpha,"1,29,349 kms",Diesel,Manual
66,2016 Honda City,6.77 Lakh,i VTEC V,"63,888 kms",Petrol,Manual
67,2018 Maruti Baleno,6.20 Lakh,1.2 Zeta,"45,441 kms",Petrol,Manual
68,2017 Toyota Innova Crysta,17.46 Lakh,2.4 VX MT 8 STR,"34,941 kms",Diesel,Manual
69,2018 Mahindra Marazzo,9.75 Lakh,M6,"21,211 kms",Diesel,Manual
70,2021 Tata Nexon,10.50 Lakh,XZ Plus S,"16,150 kms",Petrol,Manual
71,2017 Maruti Baleno,6.11 Lakh,1.2 Zeta,"48,715 kms",Petrol,Manual
72,2017 Mahindra Thar,7.46 Lakh,CRDe,"42,218 kms",Diesel,Manual
73,2016 Hyundai Creta,8.91 Lakh,1.6 VTVT SX Plus,"42,785 kms",Petrol,Manual
74,2019 Land Rover Range Rover Velar,68.25 Lakh,P250 R-Dynamic HSE,"62,000 kms",Petrol,Automatic
75,2015 Mercedes-Benz G,1.38 Cr,G63 AMG,"18,000 kms",Petrol,Automatic
76,2020 Skoda Octavia,25.00 Lakh,2.0 TDI AT Style,"12,000 kms",Diesel,Automatic
77,2015 Audi A3,16.00 Lakh,35 TDI Premium Plus,"30,000 kms",Diesel,Automatic
78,2016 Mercedes-Benz S-Class,61.00 Lakh,S 350 d,"75,000 kms",Diesel,Automatic
79,2020 BMW 7 Series,1.10 Cr,740Li DPE Signature,"13,000 kms",Petrol,Automatic
0,2017 Renault KWID,2.85 Lakh,RXL,"15,581 kms",Petrol,Manual
1,2015 Honda City,7.18 Lakh,i VTEC CVT VX,"61,969 kms",Petrol,Automatic
2,2022 Maruti Ciaz,12.60 Lakh,Alpha AT,"3,665 kms",Petrol,Automatic
3,2014 Hyundai i20,3.65 Lakh,Sportz 1.2,"57,702 kms",Petrol,Manual
4,2019 Hyundai Creta,13.20 Lakh,1.6 SX Option,"24,441 kms",Petrol,Manual
5,2016 Maruti SX4 S Cross,5.18 Lakh,DDiS 320 Alpha,"1,29,349 kms",Diesel,Manual
6,2016 Honda City,6.77 Lakh,i VTEC V,"63,888 kms",Petrol,Manual
7,2018 Maruti Baleno,6.20 Lakh,1.2 Zeta,"45,441 kms",Petrol,Manual
8,2019 Maruti Baleno,7.05 Lakh,Alpha,"28,627 kms",Petrol,Manual
9,2017 Toyota Innova Crysta,17.46 Lakh,2.4 VX MT 8 STR,"34,941 kms",Diesel,Manual
10,2018 Mahindra Marazzo,9.75 Lakh,M6,"21,211 kms",Diesel,Manual
11,2021 Tata Nexon,10.50 Lakh,XZ Plus S,"16,150 kms",Petrol,Manual
12,2017 Maruti Baleno,6.11 Lakh,1.2 Zeta,"48,715 kms",Petrol,Manual
13,2017 Mahindra Thar,7.46 Lakh,CRDe,"42,218 kms",Diesel,Manual
14,2019 Land Rover Range Rover Velar,68.25 Lakh,P250 R-Dynamic HSE,"62,000 kms",Petrol,Automatic
15,2015 Mercedes-Benz G,1.38 Cr,G63 AMG,"18,000 kms",Petrol,Automatic
16,2017 Hyundai Creta,11.00 Lakh,1.6 VTVT AT SX Plus,"59,000 kms",Petrol,Automatic
17,2019 Jeep Compass,17.75 Lakh,1.4 Limited Plus,"33,000 kms",Petrol,Automatic
18,2016 Mercedes-Benz S-Class,61.00 Lakh,S 350 d,"75,000 kms",Diesel,Automatic
19,2015 Audi A3,16.00 Lakh,35 TDI Premium Plus,"30,000 kms",Diesel,Automatic
20,2017 Renault KWID,2.85 Lakh,RXL,"15,581 kms",Petrol,Manual
21,2015 Honda City,7.18 Lakh,i VTEC CVT VX,"61,969 kms",Petrol,Automatic
22,2022 Maruti Ciaz,12.60 Lakh,Alpha AT,"3,665 kms",Petrol,Automatic
23,2014 Hyundai i20,3.65 Lakh,Sportz 1.2,"57,702 kms",Petrol,Manual
24,2019 Hyundai Creta,13.20 Lakh,1.6 SX Option,"24,441 kms",Petrol,Manual
25,2016 Maruti SX4 S Cross,5.18 Lakh,DDiS 320 Alpha,"1,29,349 kms",Diesel,Manual
26,2016 Honda City,6.77 Lakh,i VTEC V,"63,888 kms",Petrol,Manual
27,2018 Maruti Baleno,6.20 Lakh,1.2 Zeta,"45,441 kms",Petrol,Manual
28,2019 Maruti Baleno,7.05 Lakh,Alpha,"28,627 kms",Petrol,Manual
29,2017 Toyota Innova Crysta,17.46 Lakh,2.4 VX MT 8 STR,"34,941 kms",Diesel,Manual
30,2018 Mahindra Marazzo,9.75 Lakh,M6,"21,211 kms",Diesel,Manual
31,2021 Tata Nexon,10.50 Lakh,XZ Plus S,"16,150 kms",Petrol,Manual
32,2017 Maruti Baleno,6.11 Lakh,1.2 Zeta,"48,715 kms",Petrol,Manual
33,2017 Mahindra Thar,7.46 Lakh,CRDe,"42,218 kms",Diesel,Manual
34,2019 Land Rover Range Rover Velar,68.25 Lakh,P250 R-Dynamic HSE,"62,000 kms",Petrol,Automatic
35,2015 Mercedes-Benz G,1.38 Cr,G63 AMG,"18,000 kms",Petrol,Automatic
36,2017 Hyundai Creta,11.00 Lakh,1.6 VTVT AT SX Plus,"59,000 kms",Petrol,Automatic
37,2019 Jeep Compass,17.75 Lakh,1.4 Limited Plus,"33,000 kms",Petrol,Automatic
38,2016 Mercedes-Benz S-Class,61.00 Lakh,S 350 d,"75,000 kms",Diesel,Automatic
39,2015 Audi A3,16.00 Lakh,35 TDI Premium Plus,"30,000 kms",Diesel,Automatic
40,2017 Renault KWID,2.85 Lakh,RXL,"15,581 kms",Petrol,Manual
41,2015 Honda City,7.18 Lakh,i VTEC CVT VX,"61,969 kms",Petrol,Automatic
42,2022 Maruti Ciaz,12.60 Lakh,Alpha AT,"3,665 kms",Petrol,Automatic
43,2014 Hyundai i20,3.65 Lakh,Sportz 1.2,"57,702 kms",Petrol,Manual
44,2019 Hyundai Creta,13.20 Lakh,1.6 SX Option,"24,441 kms",Petrol,Manual
45,2016 Maruti SX4 S Cross,5.18 Lakh,DDiS 320 Alpha,"1,29,349 kms",Diesel,Manual
46,2016 Honda City,6.77 Lakh,i VTEC V,"63,888 kms",Petrol,Manual
47,2018 Maruti Baleno,6.20 Lakh,1.2 Zeta,"45,441 kms",Petrol,Manual
48,2019 Maruti Baleno,7.05 Lakh,Alpha,"28,627 kms",Petrol,Manual
49,2017 Toyota Innova Crysta,17.46 Lakh,2.4 VX MT 8 STR,"34,941 kms",Diesel,Manual
50,2018 Mahindra Marazzo,9.75 Lakh,M6,"21,211 kms",Diesel,Manual
51,2021 Tata Nexon,10.50 Lakh,XZ Plus S,"16,150 kms",Petrol,Manual
52,2017 Maruti Baleno,6.11 Lakh,1.2 Zeta,"48,715 kms",Petrol,Manual
53,2017 Mahindra Thar,7.46 Lakh,CRDe,"42,218 kms",Diesel,Manual
54,2019 Land Rover Range Rover Velar,68.25 Lakh,P250 R-Dynamic HSE,"62,000 kms",Petrol,Automatic
55,2015 Mercedes-Benz G,1.38 Cr,G63 AMG,"18,000 kms",Petrol,Automatic
56,2017 Hyundai Creta,11.00 Lakh,1.6 VTVT AT SX Plus,"59,000 kms",Petrol,Automatic
57,2019 Jeep Compass,17.75 Lakh,1.4 Limited Plus,"33,000 kms",Petrol,Automatic
58,2016 Mercedes-Benz S-Class,61.00 Lakh,S 350 d,"75,000 kms",Diesel,Automatic
59,2015 Audi A3,16.00 Lakh,35 TDI Premium Plus,"30,000 kms",Diesel,Automatic
60,2017 Renault KWID,2.85 Lakh,RXL,"15,581 kms",Petrol,Manual
61,2015 Honda City,7.18 Lakh,i VTEC CVT VX,"61,969 kms",Petrol,Automatic
62,2022 Maruti Ciaz,12.60 Lakh,Alpha AT,"3,665 kms",Petrol,Automatic
63,2014 Hyundai i20,3.65 Lakh,Sportz 1.2,"57,702 kms",Petrol,Manual
64,2019 Hyundai Creta,13.20 Lakh,1.6 SX Option,"24,441 kms",Petrol,Manual
65,2016 Maruti SX4 S Cross,5.18 Lakh,DDiS 320 Alpha,"1,29,349 kms",Diesel,Manual
66,2016 Honda City,6.77 Lakh,i VTEC V,"63,888 kms",Petrol,Manual
67,2018 Maruti Baleno,6.20 Lakh,1.2 Zeta,"45,441 kms",Petrol,Manual
68,2019 Maruti Baleno,7.05 Lakh,Alpha,"28,627 kms",Petrol,Manual
69,2017 Toyota Innova Crysta,17.46 Lakh,2.4 VX MT 8 STR,"34,941 kms",Diesel,Manual
70,2018 Mahindra Marazzo,9.75 Lakh,M6,"21,211 kms",Diesel,Manual
71,2021 Tata Nexon,10.50 Lakh,XZ Plus S,"16,150 kms",Petrol,Manual
72,2017 Maruti Baleno,6.11 Lakh,1.2 Zeta,"48,715 kms",Petrol,Manual
73,2017 Mahindra Thar,7.46 Lakh,CRDe,"42,218 kms",Diesel,Manual
74,2019 Land Rover Range Rover Velar,68.25 Lakh,P250 R-Dynamic HSE,"62,000 kms",Petrol,Automatic
75,2015 Mercedes-Benz G,1.38 Cr,G63 AMG,"18,000 kms",Petrol,Automatic
76,2017 Hyundai Creta,11.00 Lakh,1.6 VTVT AT SX Plus,"59,000 kms",Petrol,Automatic
77,2019 Jeep Compass,17.75 Lakh,1.4 Limited Plus,"33,000 kms",Petrol,Automatic
78,2016 Mercedes-Benz S-Class,61.00 Lakh,S 350 d,"75,000 kms",Diesel,Automatic
79,2015 Audi A3,16.00 Lakh,35 TDI Premium Plus,"30,000 kms",Diesel,Automatic
