,Date,Airline,Departure,Arrival,Duration,Route,Stops,Layover,Layover_Time,Co2,Emissions,Price
0,Aug 15,IndiGo,4:40 AM,7:25 AM,2 hr 45 min,BLR–DEL,Nonstop,-,-,115 kg CO2,Avg emissions,"₹5,707"
1,Aug 15,GO FIRST,5:45 AM,8:35 AM,2 hr 50 min,BLR–DEL,Nonstop,-,-,111 kg CO2,-6% emissions,"₹6,398"
2,Aug 15,Vistara,7:00 AM,9:40 AM,2 hr 40 min,BLR–DEL,Nonstop,-,-,127 kg CO2,+7% emissions,"₹6,870"
3,Aug 15,IndiGo,6:00 AM,8:45 AM,2 hr 45 min,BLR–DEL,Nonstop,-,-,115 kg CO2,Avg emissions,"₹7,435"
4,Aug 15,IndiGo,7:45 AM,10:30 AM,2 hr 45 min,BLR–DEL,Nonstop,-,-,120 kg CO2,Avg emissions,"₹7,435"
5,Aug 15,Vistara,8:00 AM,10:40 AM,2 hr 40 min,BLR–DEL,Nonstop,-,-,127 kg CO2,+7% emissions,"₹7,520"
6,Aug 15,IndiGo,6:20 AM,2:10 PM,7 hr 50 min,BLR–DEL,1 stop,NAG,3 hr 40 min,144 kg CO2,+21% emissions,"₹7,549"
7,Aug 15,IndiGo,2:10 PM,1:00 AM+1,10 hr 50 min,BLR–DEL,1 stop,NAG,7 hr 15 min,144 kg CO2,+21% emissions,"₹7,549"
8,Aug 15,IndiGo,5:55 PM,1:00 AM+1,7 hr 5 min,BLR–DEL,1 stop,NAG,3 hr 30 min,144 kg CO2,+21% emissions,"₹7,549"
9,Aug 15,IndiGo,6:25 PM,12:05 AM+1,5 hr 40 min,BLR–DEL,1 stop,IDR,1 hr 50 min,144 kg CO2,+20% emissions,"₹7,549"
10,Aug 15,AirAsia (India),12:25 AM,3:20 AM,2 hr 55 min,BLR–DEL,Nonstop,-,-,95 kg CO2,-19% emissions,"₹7,655"
11,Aug 15,AirAsia (India),6:10 AM,8:55 AM,2 hr 45 min,BLR–DEL,Nonstop,-,-,119 kg CO2,Avg emissions,"₹7,655"
12,Aug 15,AirAsia (India),2:00 PM,12:45 AM+1,10 hr 45 min,BLR–DEL,1 stop,LKO,7 hr 20 min,159 kg CO2,+33% emissions,"₹7,655"
13,Aug 15,Air India,6:10 AM,8:55 AM,2 hr 45 min,BLR–DEL,Nonstop,-,-,156 kg CO2,+31% emissions,"₹7,685"
14,Aug 15,AirAsia (India),3:35 AM,9:05 AM,5 hr 30 min,BLR–DEL,1 stop,PNQ,1 hr 50 min,138 kg CO2,+16% emissions,"₹7,970"
15,Aug 15,AirAsia (India),5:05 AM,2:20 PM,9 hr 15 min,BLR–DEL,1 stop,IXR,4 hr 45 min,184 kg CO2,+54% emissions,"₹7,970"
16,Aug 15,AirAsia (India),8:45 AM,3:20 PM,6 hr 35 min,BLR–DEL,1 stop,GAU,50 min,242 kg CO2,+103% emissions,"₹7,970"
17,Aug 15,AirAsia (India),3:15 PM,9:20 PM,6 hr 5 min,BLR–DEL,1 stop,VTZ,2 hr 10 min,170 kg CO2,+42% emissions,"₹7,970"
18,Aug 15,AirAsia (India),10:15 PM,3:45 AM+1,5 hr 30 min,BLR–DEL,1 stop,PNQ,2 hr 10 min,156 kg CO2,+31% emissions,"₹7,970"
19,Aug 15,AirAsia (India),10:15 PM,9:05 AM+1,10 hr 50 min,BLR–DEL,1 stop,PNQ,7 hr 25 min,138 kg CO2,+16% emissions,"₹7,970"
20,Aug 15,AirAsia (India),2:00 PM,9:35 PM,7 hr 35 min,BLR–DEL,1 stop,LKO,4 hr 15 min,159 kg CO2,+33% emissions,"₹8,075"
21,Aug 15,SpiceJet,5:55 AM,8:35 AM,2 hr 40 min,BLR–DEL,Nonstop,-,-,167 kg CO2,+41% emissions,"₹8,182"
22,Aug 15,IndiGo,11:05 PM,2:00 AM+1,2 hr 55 min,BLR–DEL,Nonstop,-,-,115 kg CO2,Avg emissions,"₹8,667"
23,Aug 15,Vistara,4:30 AM,7:40 AM+1,27 hr 10 min,BLR–DEL,1 stop,PNQ,23 hr 35 min,162 kg CO2,+36% emissions,"₹8,738"
24,Aug 15,AirAsia (India),5:10 AM,12:05 PM,6 hr 55 min,BLR–DEL,1 stop,COK,2 hr 30 min,182 kg CO2,+53% emissions,"₹8,915"
25,Aug 15,AirAsia (India),5:40 AM,12:05 PM,6 hr 25 min,BLR–DEL,1 stop,COK,2 hr,182 kg CO2,+53% emissions,"₹8,915"
26,Aug 15,IndiGo,10:05 PM,12:45 AM+1,2 hr 40 min,BLR–DEL,Nonstop,-,-,119 kg CO2,Avg emissions,"₹8,988"
27,Aug 15,SpiceJet,5:30 PM,8:05 PM,2 hr 35 min,BLR–DEL,Nonstop,-,-,167 kg CO2,+41% emissions,"₹9,048"
28,Aug 15,IndiGo,2:30 AM,9:45 AM,7 hr 15 min,BLR–DEL,1 stop,PNQ,3 hr 45 min,151 kg CO2,+27% emissions,"₹9,120"
29,Aug 15,IndiGo,9:20 AM,12:10 PM,2 hr 50 min,BLR–DEL,Nonstop,-,-,115 kg CO2,Avg emissions,"₹9,363"
30,Aug 15,IndiGo,11:45 AM,2:40 PM,2 hr 55 min,BLR–DEL,Nonstop,-,-,115 kg CO2,Avg emissions,"₹9,363"
31,Aug 15,IndiGo,5:25 AM,1:15 PM,7 hr 50 min,BLR–DEL,1 stop,PNQ,4 hr 20 min,151 kg CO2,+26% emissions,"₹9,486"
32,Aug 15,IndiGo,7:10 AM,12:10 PM,5 hr,BLR–DEL,1 stop,HYD,1 hr 35 min,141 kg CO2,+19% emissions,"₹9,486"
33,Aug 15,AirAsia (India),10:30 PM,1:20 AM+1,2 hr 50 min,BLR–DEL,Nonstop,-,-,95 kg CO2,-19% emissions,"₹9,755"
34,Aug 15,GO FIRST,9:00 PM,11:45 PM,2 hr 45 min,BLR–DEL,Nonstop,-,-,111 kg CO2,-6% emissions,"₹9,804"
35,Aug 15,IndiGo,1:55 PM,4:35 PM,2 hr 40 min,BLR–DEL,Nonstop,-,-,115 kg CO2,Avg emissions,"₹9,845"
36,Aug 15,IndiGo,7:15 PM,10:00 PM,2 hr 45 min,BLR–DEL,Nonstop,-,-,115 kg CO2,Avg emissions,"₹9,845"
37,Aug 15,IndiGo,8:30 PM,11:15 PM,2 hr 45 min,BLR–DEL,Nonstop,-,-,115 kg CO2,Avg emissions,"₹9,845"
38,Aug 15,AirAsia (India),5:20 AM,2:55 PM,9 hr 35 min,BLR–DEL,1 stop,IXB,4 hr 20 min,173 kg CO2,+45% emissions,"₹9,971"
39,Aug 15,GO FIRST,8:55 AM,2:20 PM,5 hr 25 min,BLR–DEL,1 stop,BOM,1 hr 35 min,152 kg CO2,+27% emissions,"₹10,014"
40,Aug 15,Vistara,9:45 AM,12:40 PM,2 hr 55 min,BLR–DEL,Nonstop,-,-,127 kg CO2,+7% emissions,"₹10,025"
41,Aug 15,Vistara,6:45 PM,9:25 PM,2 hr 40 min,BLR–DEL,Nonstop,-,-,127 kg CO2,+7% emissions,"₹10,025"
42,Aug 15,AirAsia (India),12:15 PM,7:55 PM,7 hr 40 min,BLR–DEL,1 stop,IXR,3 hr 25 min,164 kg CO2,+38% emissions,"₹10,095"
43,Aug 15,IndiGo,4:10 PM,11:05 PM,6 hr 55 min,BLR–DEL,1 stop,RPR,3 hr 15 min,154 kg CO2,+29% emissions,"₹10,132"
44,Aug 15,IndiGo,9:50 PM,7:40 AM+1,9 hr 50 min,BLR–DEL,1 stop,JAI,6 hr 20 min,142 kg CO2,+19% emissions,"₹10,132"
45,Aug 15,GO FIRST,8:55 AM,5:35 PM,8 hr 40 min,BLR–DEL,1 stop,BOM,4 hr 40 min,152 kg CO2,+27% emissions,"₹10,328"
46,Aug 15,Air India,10:00 AM,12:50 PM,2 hr 50 min,BLR–DEL,Nonstop,-,-,156 kg CO2,+31% emissions,"₹10,415"
47,Aug 15,SpiceJet,1:30 PM,11:20 PM,9 hr 50 min,BLR–DEL,1 stop,PAT,5 hr 10 min,198 kg CO2,+67% emissions,"₹10,561"
48,Aug 15,SpiceJet,1:30 PM,3:05 PM+1,25 hr 35 min,BLR–DEL,1 stop,PAT,21 hr 5 min,–,-,"₹10,561"
49,Aug 15,Vistara,11:30 AM,2:20 PM,2 hr 50 min,BLR–DEL,Nonstop,-,-,127 kg CO2,+7% emissions,"₹10,655"
50,Aug 15,Vistara,5:45 PM,8:20 PM,2 hr 35 min,BLR–DEL,Nonstop,-,-,138 kg CO2,+16% emissions,"₹10,655"
51,Aug 15,Vistara,7:40 PM,10:20 PM,2 hr 40 min,BLR–DEL,Nonstop,-,-,138 kg CO2,+16% emissions,"₹10,655"
52,Aug 15,IndiGo,2:30 AM,1:15 PM,10 hr 45 min,BLR–DEL,1 stop,PNQ,7 hr 15 min,151 kg CO2,+27% emissions,"₹10,778"
53,Aug 15,IndiGo,10:10 PM,7:15 AM+1,9 hr 5 min,BLR–DEL,1 stop,HYD,5 hr 50 min,141 kg CO2,+19% emissions,"₹10,778"
54,Aug 15,GO FIRST,3:35 PM,11:10 PM,7 hr 35 min,BLR–DEL,1 stop,HYD,4 hr 15 min,137 kg CO2,+15% emissions,"₹10,785"
55,Aug 15,IndiGo,2:55 PM,5:45 PM,2 hr 50 min,BLR–DEL,Nonstop,-,-,120 kg CO2,Avg emissions,"₹10,809"
56,Aug 15,IndiGo,4:30 PM,7:15 PM,2 hr 45 min,BLR–DEL,Nonstop,-,-,115 kg CO2,Avg emissions,"₹10,809"
57,Aug 15,IndiGo,6:00 PM,8:45 PM,2 hr 45 min,BLR–DEL,Nonstop,-,-,115 kg CO2,Avg emissions,"₹10,809"
58,Aug 15,Vistara,9:15 PM,11:45 PM,2 hr 30 min,BLR–DEL,Nonstop,-,-,127 kg CO2,+7% emissions,"₹10,830"
59,Aug 15,SpiceJet,9:25 AM,10:15 AM+1,24 hr 50 min,BLR–DEL,1 stop,JLR,20 hr 35 min,131 kg CO2,+10% emissions,"₹10,917"
60,Aug 15,Air India,6:45 AM,12:20 PM,5 hr 35 min,BLR–DEL,1 stop,BOM,1 hr 25 min,211 kg CO2,+77% emissions,"₹10,939"
61,Aug 15,Air India,6:45 AM,9:05 AM+1,26 hr 20 min,BLR–DEL,1 stop,BOM,22 hr 25 min,211 kg CO2,+77% emissions,"₹10,939"
62,Aug 15,Air India,6:45 AM,10:15 AM+1,27 hr 30 min,BLR–DEL,1 stop,BOM,23 hr 25 min,201 kg CO2,+69% emissions,"₹10,939"
63,Aug 15,Air India,8:20 AM,9:05 AM+1,24 hr 45 min,BLR–DEL,1 stop,BOM,20 hr 25 min,200 kg CO2,+68% emissions,"₹10,939"
64,Aug 15,Air India,8:20 AM,10:15 AM+1,25 hr 55 min,BLR–DEL,1 stop,BOM,21 hr 25 min,190 kg CO2,+59% emissions,"₹10,939"
65,Aug 15,Air India,8:20 AM,11:20 AM+1,27 hr,BLR–DEL,1 stop,BOM,22 hr 25 min,200 kg CO2,+68% emissions,"₹10,939"
66,Aug 15,Air India,8:20 AM,12:20 PM+1,28 hr,BLR–DEL,1 stop,BOM,23 hr 25 min,200 kg CO2,+68% emissions,"₹10,939"
67,Aug 15,SpiceJet,9:35 AM,8:45 AM+1,23 hr 10 min,BLR–DEL,1 stop,PNQ,19 hr 25 min,168 kg CO2,+41% emissions,"₹11,106"
68,Aug 15,Air India,9:20 PM,12:10 AM+1,2 hr 50 min,BLR–DEL,Nonstop,-,-,137 kg CO2,+15% emissions,"₹11,150"
69,Aug 15,Air India,6:45 AM,11:20 AM+1,28 hr 35 min,BLR–DEL,1 stop,BOM,24 hr 25 min,211 kg CO2,+77% emissions,"₹11,317"
70,Aug 15,GO FIRST,8:55 AM,9:40 PM,12 hr 45 min,BLR–DEL,1 stop,BOM,9 hr,152 kg CO2,+27% emissions,"₹11,378"
71,Aug 15,Vistara,6:40 AM,12:40 PM,6 hr,BLR–DEL,1 stop,BOM,2 hr 10 min,173 kg CO2,+45% emissions,"₹11,395"
72,Aug 15,Vistara,6:40 AM,8:05 AM+1,25 hr 25 min,BLR–DEL,1 stop,BOM,21 hr 45 min,173 kg CO2,+45% emissions,"₹11,395"
73,Aug 15,Vistara,6:40 AM,8:35 AM+1,25 hr 55 min,BLR–DEL,1 stop,BOM,22 hr 15 min,173 kg CO2,+45% emissions,"₹11,395"
74,Aug 15,Vistara,6:40 AM,9:35 AM+1,26 hr 55 min,BLR–DEL,1 stop,BOM,23 hr 15 min,181 kg CO2,+52% emissions,"₹11,395"
75,Aug 15,Vistara,8:30 AM,8:05 AM+1,23 hr 35 min,BLR–DEL,1 stop,BOM,19 hr 45 min,173 kg CO2,+45% emissions,"₹11,395"
76,Aug 15,Vistara,8:30 AM,8:35 AM+1,24 hr 5 min,BLR–DEL,1 stop,BOM,20 hr 15 min,173 kg CO2,+45% emissions,"₹11,395"
77,Aug 15,Vistara,8:30 AM,9:35 AM+1,25 hr 5 min,BLR–DEL,1 stop,BOM,21 hr 15 min,181 kg CO2,+52% emissions,"₹11,395"
78,Aug 15,Vistara,8:30 AM,11:00 AM+1,26 hr 30 min,BLR–DEL,1 stop,BOM,22 hr 30 min,173 kg CO2,+45% emissions,"₹11,395"
79,Aug 15,IndiGo,7:10 AM,1:55 PM,6 hr 45 min,BLR–DEL,1 stop,HYD,3 hr 20 min,141 kg CO2,+19% emissions,"₹11,424"
80,Aug 15,IndiGo,7:50 AM,3:55 PM,8 hr 5 min,BLR–DEL,1 stop,RPR,4 hr 40 min,158 kg CO2,+32% emissions,"₹11,424"
81,Aug 15,IndiGo,7:50 AM,7:25 PM,11 hr 35 min,BLR–DEL,1 stop,RPR,8 hr,160 kg CO2,+35% emissions,"₹11,424"
82,Aug 15,IndiGo,5:05 PM,4:10 AM+1,11 hr 5 min,BLR–DEL,1 stop,PNQ,7 hr 35 min,151 kg CO2,+27% emissions,"₹11,424"
83,Aug 15,IndiGo,8:30 PM,4:10 AM+1,7 hr 40 min,BLR–DEL,1 stop,PNQ,4 hr 15 min,153 kg CO2,+28% emissions,"₹11,452"
84,Aug 15,Air India,6:45 AM,3:15 PM,8 hr 30 min,BLR–DEL,1 stop,BOM,4 hr 25 min,211 kg CO2,+77% emissions,"₹11,464"
85,Aug 15,Air India,6:45 AM,6:20 PM,11 hr 35 min,BLR–DEL,1 stop,BOM,7 hr 25 min,206 kg CO2,+73% emissions,"₹11,464"
86,Aug 15,Air India,8:20 AM,3:15 PM,6 hr 55 min,BLR–DEL,1 stop,BOM,2 hr 25 min,200 kg CO2,+68% emissions,"₹11,464"
87,Aug 15,Air India,8:20 AM,6:20 PM,10 hr,BLR–DEL,1 stop,BOM,5 hr 25 min,195 kg CO2,+64% emissions,"₹11,464"
88,Aug 15,SpiceJet,9:35 AM,4:40 AM+1,19 hr 5 min,BLR–DEL,1 stop,PNQ,15 hr 25 min,211 kg CO2,+77% emissions,"₹11,539"
89,Aug 15,Vistara,9:30 AM,8:05 AM+1,22 hr 35 min,BLR–DEL,1 stop,BOM,18 hr 35 min,173 kg CO2,+45% emissions,"₹11,762"
90,Aug 15,Vistara,9:30 AM,8:35 AM+1,23 hr 5 min,BLR–DEL,1 stop,BOM,19 hr 5 min,173 kg CO2,+45% emissions,"₹11,762"
91,Aug 15,Vistara,9:30 AM,9:35 AM+1,24 hr 5 min,BLR–DEL,1 stop,BOM,20 hr 5 min,181 kg CO2,+52% emissions,"₹11,762"
92,Aug 15,Vistara,9:30 AM,11:00 AM+1,25 hr 30 min,BLR–DEL,1 stop,BOM,21 hr 20 min,173 kg CO2,+45% emissions,"₹11,762"
93,Aug 15,Vistara,9:30 AM,12:40 PM+1,27 hr 10 min,BLR–DEL,1 stop,BOM,23 hr,173 kg CO2,+45% emissions,"₹11,762"
94,Aug 15,IndiGo,11:05 PM,4:10 AM+1,5 hr 5 min,BLR–DEL,1 stop,PNQ,1 hr 35 min,151 kg CO2,+27% emissions,"₹11,767"
95,Aug 15,Vistara,6:40 AM,11:00 AM+1,28 hr 20 min,BLR–DEL,1 stop,BOM,24 hr 30 min,173 kg CO2,+45% emissions,"₹11,773"
96,Aug 15,Vistara,8:30 AM,12:40 PM+1,28 hr 10 min,BLR–DEL,1 stop,BOM,24 hr 10 min,173 kg CO2,+45% emissions,"₹11,773"
97,Aug 15,GO FIRST,5:00 PM,11:30 PM,6 hr 30 min,BLR–DEL,1 stop,BOM,2 hr 20 min,152 kg CO2,+27% emissions,"₹11,926"
98,Aug 15,GO FIRST,5:00 PM,1:10 AM+1,8 hr 10 min,BLR–DEL,1 stop,BOM,4 hr 5 min,152 kg CO2,+27% emissions,"₹11,926"
99,Aug 15,GO FIRST,5:00 PM,2:15 AM+1,9 hr 15 min,BLR–DEL,1 stop,BOM,5 hr,152 kg CO2,+27% emissions,"₹11,926"
100,Aug 15,GO FIRST,6:15 PM,11:30 PM,5 hr 15 min,BLR–DEL,1 stop,BOM,1 hr 10 min,152 kg CO2,+27% emissions,"₹11,926"
101,Aug 15,GO FIRST,6:15 PM,1:10 AM+1,6 hr 55 min,BLR–DEL,1 stop,BOM,2 hr 55 min,152 kg CO2,+27% emissions,"₹11,926"
102,Aug 15,GO FIRST,6:15 PM,2:15 AM+1,8 hr,BLR–DEL,1 stop,BOM,3 hr 50 min,152 kg CO2,+27% emissions,"₹11,926"
103,Aug 15,GO FIRST,9:20 AM,2:55 PM,5 hr 35 min,BLR–DEL,1 stop,PAT,1 hr 15 min,174 kg CO2,+46% emissions,"₹12,007"
104,Aug 15,GO FIRST,9:20 AM,4:25 PM,7 hr 5 min,BLR–DEL,1 stop,PAT,2 hr 50 min,174 kg CO2,+46% emissions,"₹12,007"
105,Aug 15,GO FIRST,5:45 PM,1:30 AM+1,7 hr 45 min,BLR–DEL,1 stop,PNQ,4 hr 10 min,146 kg CO2,+23% emissions,"₹12,009"
106,Aug 15,Vistara,6:40 AM,12:10 AM+1,17 hr 30 min,BLR–DEL,1 stop,BOM,13 hr 40 min,173 kg CO2,+45% emissions,"₹12,025"
107,Aug 15,Vistara,8:30 AM,12:10 AM+1,15 hr 40 min,BLR–DEL,1 stop,BOM,11 hr 40 min,173 kg CO2,+45% emissions,"₹12,025"
108,Aug 15,IndiGo,3:35 PM,9:55 PM,6 hr 20 min,BLR–DEL,1 stop,JAI,2 hr 45 min,135 kg CO2,+14% emissions,"₹12,064"
109,Aug 15,IndiGo,8:55 AM,1:55 PM,5 hr,BLR–DEL,1 stop,HYD,1 hr 35 min,143 kg CO2,+20% emissions,"₹12,069"
110,Aug 15,IndiGo,3:45 PM,12:45 AM+1,9 hr,BLR–DEL,1 stop,HYD,5 hr 40 min,141 kg CO2,+19% emissions,"₹12,069"
111,Aug 15,IndiGo,8:30 PM,2:20 AM+1,5 hr 50 min,BLR–DEL,1 stop,PNQ,2 hr 25 min,153 kg CO2,+28% emissions,"₹12,069"
112,Aug 15,Vistara,9:30 AM,2:05 PM+1,28 hr 35 min,BLR–DEL,1 stop,BOM,24 hr 30 min,173 kg CO2,+45% emissions,"₹12,140"
113,Aug 15,Vistara,6:40 AM,2:05 PM,7 hr 25 min,BLR–DEL,1 stop,BOM,3 hr 40 min,173 kg CO2,+45% emissions,"₹12,235"
114,Aug 15,Vistara,8:30 AM,2:05 PM,5 hr 35 min,BLR–DEL,1 stop,BOM,1 hr 40 min,173 kg CO2,+45% emissions,"₹12,235"
115,Aug 15,Air India,6:45 AM,8:10 PM,13 hr 25 min,BLR–DEL,1 stop,BOM,9 hr 25 min,211 kg CO2,+77% emissions,"₹12,304"
116,Aug 15,Air India,6:45 AM,9:15 PM,14 hr 30 min,BLR–DEL,1 stop,BOM,10 hr 25 min,211 kg CO2,+77% emissions,"₹12,304"
117,Aug 15,Air India,8:20 AM,8:10 PM,11 hr 50 min,BLR–DEL,1 stop,BOM,7 hr 25 min,200 kg CO2,+68% emissions,"₹12,304"
118,Aug 15,Air India,8:20 AM,9:15 PM,12 hr 55 min,BLR–DEL,1 stop,BOM,8 hr 25 min,200 kg CO2,+68% emissions,"₹12,304"
119,Aug 15,IndiGo,8:30 PM,6:55 AM+1,10 hr 25 min,BLR–DEL,1 stop,PNQ,7 hr 10 min,156 kg CO2,+31% emissions,"₹12,379"
120,Aug 15,Vistara,9:30 AM,12:10 AM+1,14 hr 40 min,BLR–DEL,1 stop,BOM,10 hr 30 min,173 kg CO2,+45% emissions,"₹12,392"
121,Aug 15,SpiceJet,9:25 AM,8:50 PM,11 hr 25 min,BLR–DEL,1 stop,JLR,6 hr 55 min,131 kg CO2,+10% emissions,"₹12,431"
122,Aug 15,IndiGo,12:50 PM,10:20 PM,9 hr 30 min,BLR–DEL,1 stop,HYD,6 hr 10 min,144 kg CO2,+20% emissions,"₹12,432"
123,Aug 15,IndiGo,3:35 PM,11:25 PM,7 hr 50 min,BLR–DEL,1 stop,JAI,4 hr 20 min,141 kg CO2,+18% emissions,"₹12,484"
124,Aug 15,SpiceJet,9:35 AM,7:45 PM,10 hr 10 min,BLR–DEL,1 stop,PNQ,6 hr 25 min,211 kg CO2,+77% emissions,"₹12,621"
125,Aug 15,Vistara,8:10 PM,12:30 PM+1,16 hr 20 min,BLR–DEL,1 stop,HYD,13 hr,161 kg CO2,+35% emissions,"₹12,649"
126,Aug 15,Vistara,8:10 PM,3:35 PM+1,19 hr 25 min,BLR–DEL,1 stop,HYD,16 hr 15 min,153 kg CO2,+28% emissions,"₹12,649"
127,Aug 15,IndiGo,5:05 PM,11:00 PM,5 hr 55 min,BLR–DEL,1 stop,PNQ,2 hr 25 min,155 kg CO2,+30% emissions,"₹12,694"
128,Aug 15,IndiGo,5:05 PM,2:20 AM+1,9 hr 15 min,BLR–DEL,1 stop,PNQ,5 hr 45 min,151 kg CO2,+27% emissions,"₹12,694"
129,Aug 15,IndiGo,11:05 PM,6:55 AM+1,7 hr 50 min,BLR–DEL,1 stop,PNQ,4 hr 30 min,154 kg CO2,+29% emissions,"₹12,694"
130,Aug 15,IndiGo,12:50 PM,11:30 PM,10 hr 40 min,BLR–DEL,1 stop,HYD,7 hr 25 min,144 kg CO2,+20% emissions,"₹12,715"
131,Aug 15,IndiGo,2:10 PM,7:30 PM,5 hr 20 min,BLR–DEL,1 stop,NAG,1 hr 50 min,147 kg CO2,+23% emissions,"₹12,715"
132,Aug 15,IndiGo,6:50 PM,12:45 AM+1,5 hr 55 min,BLR–DEL,1 stop,HYD,2 hr 30 min,143 kg CO2,+20% emissions,"₹12,715"
133,Aug 15,IndiGo,3:45 PM,10:20 PM,6 hr 35 min,BLR–DEL,1 stop,HYD,3 hr 10 min,141 kg CO2,+19% emissions,"₹12,747"
134,Aug 15,GO FIRST,5:00 PM,11:00 PM,6 hr,BLR–DEL,1 stop,BOM,1 hr 50 min,152 kg CO2,+27% emissions,"₹12,813"
135,Aug 15,Vistara,4:30 AM,10:30 PM,18 hr,BLR–DEL,1 stop,PNQ,14 hr 40 min,162 kg CO2,+36% emissions,"₹12,859"
136,Aug 15,IndiGo,8:50 AM,3:20 PM,6 hr 30 min,BLR–DEL,1 stop,JAI,2 hr 55 min,141 kg CO2,+18% emissions,"₹12,904"
137,Aug 15,Air India,7:10 PM,9:05 AM+1,13 hr 55 min,BLR–DEL,1 stop,BOM,9 hr 55 min,203 kg CO2,+70% emissions,"₹12,934"
138,Aug 15,Air India,7:10 PM,10:15 AM+1,15 hr 5 min,BLR–DEL,1 stop,BOM,10 hr 55 min,192 kg CO2,+62% emissions,"₹12,934"
139,Aug 15,Air India,7:10 PM,11:20 AM+1,16 hr 10 min,BLR–DEL,1 stop,BOM,11 hr 55 min,203 kg CO2,+70% emissions,"₹12,934"
140,Aug 15,Air India,7:10 PM,12:20 PM+1,17 hr 10 min,BLR–DEL,1 stop,BOM,12 hr 55 min,203 kg CO2,+70% emissions,"₹12,934"
141,Aug 15,Air India,7:10 PM,3:15 PM+1,20 hr 5 min,BLR–DEL,1 stop,BOM,15 hr 55 min,203 kg CO2,+70% emissions,"₹12,934"
142,Aug 15,Air India,7:10 PM,6:20 PM+1,23 hr 10 min,BLR–DEL,1 stop,BOM,18 hr 55 min,198 kg CO2,+66% emissions,"₹12,934"
143,Aug 15,Air India,7:10 PM,8:10 PM+1,25 hr,BLR–DEL,1 stop,BOM,20 hr 55 min,203 kg CO2,+70% emissions,"₹12,934"
144,Aug 15,Air India,7:10 PM,9:15 PM+1,26 hr 5 min,BLR–DEL,1 stop,BOM,21 hr 55 min,203 kg CO2,+70% emissions,"₹12,934"
145,Aug 15,GO FIRST,5:30 AM,2:30 PM,9 hr,BLR–DEL,1 stop,PNQ,5 hr 30 min,146 kg CO2,+23% emissions,"₹12,955"
146,Aug 15,Vistara,7:45 AM,12:30 PM,4 hr 45 min,BLR–DEL,1 stop,HYD,1 hr 15 min,161 kg CO2,+35% emissions,"₹13,069"
147,Aug 15,AirAsia (India),12:50 PM,8:25 PM,7 hr 35 min,BLR–DEL,1 stop,PNQ,3 hr 40 min,138 kg CO2,+16% emissions,"₹13,167"
148,Aug 15,Vistara,4:45 PM,7:40 AM+1,14 hr 55 min,BLR–DEL,1 stop,PNQ,11 hr 10 min,162 kg CO2,+36% emissions,"₹13,279"
149,Aug 15,Vistara,4:45 PM,1:30 PM+1,20 hr 45 min,BLR–DEL,1 stop,PNQ,16 hr 55 min,162 kg CO2,+36% emissions,"₹13,279"
150,Aug 15,Vistara,4:45 PM,7:10 PM+1,26 hr 25 min,BLR–DEL,1 stop,PNQ,22 hr 35 min,162 kg CO2,+36% emissions,"₹13,279"
151,Aug 15,IndiGo,3:45 PM,11:30 PM,7 hr 45 min,BLR–DEL,1 stop,HYD,4 hr 25 min,141 kg CO2,+19% emissions,"₹13,361"
152,Aug 15,IndiGo,6:50 PM,11:30 PM,4 hr 40 min,BLR–DEL,1 stop,HYD,1 hr 15 min,143 kg CO2,+20% emissions,"₹13,361"
153,Aug 15,GO FIRST,5:45 PM,11:15 PM,5 hr 30 min,BLR–DEL,1 stop,PNQ,2 hr 10 min,146 kg CO2,+23% emissions,"₹13,375"
154,Aug 15,Vistara,4:30 AM,1:30 PM,9 hr,BLR–DEL,1 stop,PNQ,5 hr 20 min,162 kg CO2,+36% emissions,"₹13,384"
155,Aug 15,Vistara,9:40 PM,12:10 AM+2,26 hr 30 min,BLR–DEL,1 stop,BOM,22 hr 30 min,173 kg CO2,+45% emissions,"₹13,547"
156,Aug 15,Vistara,6:40 AM,2:20 PM,7 hr 40 min,BLR–DEL,1 stop,BOM,4 hr 10 min,173 kg CO2,+45% emissions,"₹13,810"
157,Aug 15,Vistara,6:40 AM,4:55 PM,10 hr 15 min,BLR–DEL,1 stop,BOM,6 hr 25 min,173 kg CO2,+45% emissions,"₹13,810"
158,Aug 15,Vistara,6:40 AM,8:40 PM,14 hr,BLR–DEL,1 stop,BOM,10 hr 15 min,173 kg CO2,+45% emissions,"₹13,810"
159,Aug 15,Vistara,6:40 AM,9:55 PM,15 hr 15 min,BLR–DEL,1 stop,BOM,11 hr 30 min,173 kg CO2,+45% emissions,"₹13,810"
160,Aug 15,Vistara,6:40 AM,11:00 PM,16 hr 20 min,BLR–DEL,1 stop,BOM,12 hr 40 min,173 kg CO2,+45% emissions,"₹13,810"
161,Aug 15,Vistara,8:30 AM,2:20 PM,5 hr 50 min,BLR–DEL,1 stop,BOM,2 hr 10 min,173 kg CO2,+45% emissions,"₹13,810"
162,Aug 15,Vistara,8:30 AM,4:55 PM,8 hr 25 min,BLR–DEL,1 stop,BOM,4 hr 25 min,173 kg CO2,+45% emissions,"₹13,810"
163,Aug 15,Vistara,8:30 AM,8:40 PM,12 hr 10 min,BLR–DEL,1 stop,BOM,8 hr 15 min,173 kg CO2,+45% emissions,"₹13,810"
164,Aug 15,Vistara,8:30 AM,9:55 PM,13 hr 25 min,BLR–DEL,1 stop,BOM,9 hr 30 min,173 kg CO2,+45% emissions,"₹13,810"
165,Aug 15,Vistara,8:30 AM,11:00 PM,14 hr 30 min,BLR–DEL,1 stop,BOM,10 hr 40 min,173 kg CO2,+45% emissions,"₹13,810"
166,Aug 15,IndiGo,10:10 PM,9:15 AM+1,11 hr 5 min,BLR–DEL,1 stop,HYD,7 hr 45 min,141 kg CO2,+19% emissions,"₹13,902"
167,Aug 15,Vistara,4:30 AM,7:10 PM,14 hr 40 min,BLR–DEL,1 stop,PNQ,11 hr,162 kg CO2,+36% emissions,"₹13,909"
168,Aug 15,Vistara,7:55 PM,12:10 AM+2,28 hr 15 min,BLR–DEL,1 stop,BOM,24 hr 5 min,173 kg CO2,+45% emissions,"₹13,925"
169,Aug 15,Vistara,4:45 PM,10:30 PM+1,29 hr 45 min,BLR–DEL,1 stop,PNQ,26 hr 15 min,162 kg CO2,+36% emissions,"₹13,972"
170,Aug 15,IndiGo,10:15 AM,8:00 PM,9 hr 45 min,BLR–DEL,1 stop,HYD,6 hr 35 min,141 kg CO2,+19% emissions,"₹14,007"
171,Aug 15,Vistara,6:25 PM,8:05 AM+1,13 hr 40 min,BLR–DEL,1 stop,BOM,9 hr 45 min,173 kg CO2,+45% emissions,"₹14,014"
172,Aug 15,Vistara,6:25 PM,12:40 PM+1,18 hr 15 min,BLR–DEL,1 stop,BOM,14 hr 10 min,173 kg CO2,+45% emissions,"₹14,014"
173,Aug 15,Vistara,6:25 PM,4:55 PM+1,22 hr 30 min,BLR–DEL,1 stop,BOM,18 hr 25 min,173 kg CO2,+45% emissions,"₹14,014"
174,Aug 15,Vistara,6:25 PM,6:05 PM+1,23 hr 40 min,BLR–DEL,1 stop,BOM,19 hr 30 min,173 kg CO2,+45% emissions,"₹14,014"
175,Aug 15,Vistara,6:25 PM,8:40 PM+1,26 hr 15 min,BLR–DEL,1 stop,BOM,22 hr 15 min,173 kg CO2,+45% emissions,"₹14,014"
176,Aug 15,Vistara,6:25 PM,9:55 PM+1,27 hr 30 min,BLR–DEL,1 stop,BOM,23 hr 30 min,173 kg CO2,+45% emissions,"₹14,014"
177,Aug 15,Vistara,6:55 PM,8:05 AM+1,13 hr 10 min,BLR–DEL,1 stop,BOM,9 hr 20 min,173 kg CO2,+45% emissions,"₹14,014"
178,Aug 15,Vistara,6:55 PM,8:35 AM+1,13 hr 40 min,BLR–DEL,1 stop,BOM,9 hr 50 min,173 kg CO2,+45% emissions,"₹14,014"
179,Aug 15,Vistara,6:55 PM,12:40 PM+1,17 hr 45 min,BLR–DEL,1 stop,BOM,13 hr 45 min,173 kg CO2,+45% emissions,"₹14,014"
180,Aug 15,Vistara,6:55 PM,2:05 PM+1,19 hr 10 min,BLR–DEL,1 stop,BOM,15 hr 15 min,173 kg CO2,+45% emissions,"₹14,014"
181,Aug 15,Vistara,6:55 PM,4:55 PM+1,22 hr,BLR–DEL,1 stop,BOM,18 hr,173 kg CO2,+45% emissions,"₹14,014"
182,Aug 15,Vistara,6:55 PM,6:05 PM+1,23 hr 10 min,BLR–DEL,1 stop,BOM,19 hr 5 min,173 kg CO2,+45% emissions,"₹14,014"
183,Aug 15,Vistara,6:55 PM,8:40 PM+1,25 hr 45 min,BLR–DEL,1 stop,BOM,21 hr 50 min,173 kg CO2,+45% emissions,"₹14,014"
184,Aug 15,Vistara,6:55 PM,9:55 PM+1,27 hr,BLR–DEL,1 stop,BOM,23 hr 5 min,173 kg CO2,+45% emissions,"₹14,014"
185,Aug 15,Vistara,7:55 PM,8:05 AM+1,12 hr 10 min,BLR–DEL,1 stop,BOM,8 hr 10 min,173 kg CO2,+45% emissions,"₹14,014"
186,Aug 15,Vistara,7:55 PM,8:35 AM+1,12 hr 40 min,BLR–DEL,1 stop,BOM,8 hr 40 min,173 kg CO2,+45% emissions,"₹14,014"
187,Aug 15,Vistara,7:55 PM,9:35 AM+1,13 hr 40 min,BLR–DEL,1 stop,BOM,9 hr 40 min,181 kg CO2,+52% emissions,"₹14,014"
188,Aug 15,Vistara,7:55 PM,12:40 PM+1,16 hr 45 min,BLR–DEL,1 stop,BOM,12 hr 35 min,173 kg CO2,+45% emissions,"₹14,014"
189,Aug 15,Vistara,7:55 PM,2:05 PM+1,18 hr 10 min,BLR–DEL,1 stop,BOM,14 hr 5 min,173 kg CO2,+45% emissions,"₹14,014"
190,Aug 15,Vistara,7:55 PM,4:55 PM+1,21 hr,BLR–DEL,1 stop,BOM,16 hr 50 min,173 kg CO2,+45% emissions,"₹14,014"
191,Aug 15,Vistara,7:55 PM,6:05 PM+1,22 hr 10 min,BLR–DEL,1 stop,BOM,17 hr 55 min,173 kg CO2,+45% emissions,"₹14,014"
192,Aug 15,Vistara,7:55 PM,8:40 PM+1,24 hr 45 min,BLR–DEL,1 stop,BOM,20 hr 40 min,173 kg CO2,+45% emissions,"₹14,014"
193,Aug 15,Vistara,7:55 PM,9:55 PM+1,26 hr,BLR–DEL,1 stop,BOM,21 hr 55 min,173 kg CO2,+45% emissions,"₹14,014"
194,Aug 15,Vistara,7:55 PM,11:00 PM+1,27 hr 5 min,BLR–DEL,1 stop,BOM,23 hr 5 min,173 kg CO2,+45% emissions,"₹14,014"
195,Aug 15,Vistara,9:40 PM,8:05 AM+1,10 hr 25 min,BLR–DEL,1 stop,BOM,6 hr 35 min,173 kg CO2,+45% emissions,"₹14,014"
196,Aug 15,Vistara,9:40 PM,8:35 AM+1,10 hr 55 min,BLR–DEL,1 stop,BOM,7 hr 5 min,173 kg CO2,+45% emissions,"₹14,014"
197,Aug 15,Vistara,9:40 PM,9:35 AM+1,11 hr 55 min,BLR–DEL,1 stop,BOM,8 hr 5 min,181 kg CO2,+52% emissions,"₹14,014"
198,Aug 15,Vistara,9:40 PM,11:00 AM+1,13 hr 20 min,BLR–DEL,1 stop,BOM,9 hr 20 min,173 kg CO2,+45% emissions,"₹14,014"
199,Aug 15,Vistara,9:40 PM,12:40 PM+1,15 hr,BLR–DEL,1 stop,BOM,11 hr,173 kg CO2,+45% emissions,"₹14,014"
200,Aug 15,Vistara,9:40 PM,2:05 PM+1,16 hr 25 min,BLR–DEL,1 stop,BOM,12 hr 30 min,173 kg CO2,+45% emissions,"₹14,014"
201,Aug 15,Vistara,9:40 PM,4:55 PM+1,19 hr 15 min,BLR–DEL,1 stop,BOM,15 hr 15 min,173 kg CO2,+45% emissions,"₹14,014"
202,Aug 15,Vistara,9:40 PM,6:05 PM+1,20 hr 25 min,BLR–DEL,1 stop,BOM,16 hr 20 min,173 kg CO2,+45% emissions,"₹14,014"
203,Aug 15,Vistara,9:40 PM,8:40 PM+1,23 hr,BLR–DEL,1 stop,BOM,19 hr 5 min,173 kg CO2,+45% emissions,"₹14,014"
204,Aug 15,Vistara,9:40 PM,9:55 PM+1,24 hr 15 min,BLR–DEL,1 stop,BOM,20 hr 20 min,173 kg CO2,+45% emissions,"₹14,014"
205,Aug 15,Vistara,9:40 PM,11:00 PM+1,25 hr 20 min,BLR–DEL,1 stop,BOM,21 hr 30 min,173 kg CO2,+45% emissions,"₹14,014"
206,Aug 15,Air India,1:20 PM,3:45 PM,2 hr 25 min,BLR–DEL,Nonstop,-,-,156 kg CO2,+31% emissions,"₹14,090"
207,Aug 15,Vistara,9:30 AM,2:20 PM,4 hr 50 min,BLR–DEL,1 stop,BOM,1 hr,173 kg CO2,+45% emissions,"₹14,177"
208,Aug 15,Vistara,9:30 AM,4:55 PM,7 hr 25 min,BLR–DEL,1 stop,BOM,3 hr 15 min,173 kg CO2,+45% emissions,"₹14,177"
209,Aug 15,Vistara,9:30 AM,8:40 PM,11 hr 10 min,BLR–DEL,1 stop,BOM,7 hr 5 min,173 kg CO2,+45% emissions,"₹14,177"
210,Aug 15,Vistara,9:30 AM,9:55 PM,12 hr 25 min,BLR–DEL,1 stop,BOM,8 hr 20 min,173 kg CO2,+45% emissions,"₹14,177"
211,Aug 15,Vistara,9:30 AM,11:00 PM,13 hr 30 min,BLR–DEL,1 stop,BOM,9 hr 30 min,173 kg CO2,+45% emissions,"₹14,177"
212,Aug 15,Vistara,6:40 AM,6:05 PM,11 hr 25 min,BLR–DEL,1 stop,BOM,7 hr 30 min,173 kg CO2,+45% emissions,"₹14,335"
213,Aug 15,Vistara,6:40 AM,7:40 PM,13 hr,BLR–DEL,1 stop,BOM,9 hr 20 min,173 kg CO2,+45% emissions,"₹14,335"
214,Aug 15,Vistara,8:30 AM,6:05 PM,9 hr 35 min,BLR–DEL,1 stop,BOM,5 hr 30 min,173 kg CO2,+45% emissions,"₹14,335"
215,Aug 15,Vistara,8:30 AM,7:40 PM,11 hr 10 min,BLR–DEL,1 stop,BOM,7 hr 20 min,173 kg CO2,+45% emissions,"₹14,335"
216,Aug 15,Vistara,5:30 PM,9:35 PM,4 hr 5 min,BLR–DEL,1 stop,IDR,1 hr 10 min,148 kg CO2,+24% emissions,"₹14,644"
217,Aug 15,Vistara,6:25 PM,12:10 AM+1,5 hr 45 min,BLR–DEL,1 stop,BOM,1 hr 40 min,173 kg CO2,+45% emissions,"₹14,644"
218,Aug 15,Vistara,6:55 PM,12:10 AM+1,5 hr 15 min,BLR–DEL,1 stop,BOM,1 hr 15 min,173 kg CO2,+45% emissions,"₹14,644"
219,Aug 15,IndiGo,7:10 AM,4:15 PM,9 hr 5 min,BLR–DEL,1 stop,HYD,5 hr 40 min,141 kg CO2,+19% emissions,"₹14,652"
220,Aug 15,IndiGo,11:05 AM,6:20 PM,7 hr 15 min,BLR–DEL,1 stop,PNQ,3 hr 55 min,151 kg CO2,+27% emissions,"₹14,652"
221,Aug 15,IndiGo,12:50 PM,8:00 PM,7 hr 10 min,BLR–DEL,1 stop,HYD,4 hr 5 min,144 kg CO2,+20% emissions,"₹14,652"
222,Aug 15,Vistara,9:30 AM,6:05 PM,8 hr 35 min,BLR–DEL,1 stop,BOM,4 hr 20 min,173 kg CO2,+45% emissions,"₹14,702"
223,Aug 15,Vistara,9:30 AM,7:40 PM,10 hr 10 min,BLR–DEL,1 stop,BOM,6 hr 10 min,173 kg CO2,+45% emissions,"₹14,702"
224,Aug 15,Vistara,11:30 AM,4:30 PM,5 hr,BLR–DEL,1 stop,IXC,50 min,179 kg CO2,+51% emissions,"₹15,012"
225,Aug 15,Vistara,11:30 AM,7:50 PM,8 hr 20 min,BLR–DEL,1 stop,IXC,4 hr 15 min,179 kg CO2,+51% emissions,"₹15,012"
226,Aug 15,Air India,5:00 PM,7:50 PM,2 hr 50 min,BLR–DEL,Nonstop,-,-,156 kg CO2,+31% emissions,"₹15,140"
227,Aug 15,IndiGo,10:15 AM,4:15 PM,6 hr,BLR–DEL,1 stop,HYD,2 hr 35 min,141 kg CO2,+19% emissions,"₹15,298"
228,Aug 15,Vistara,8:10 PM,9:00 AM+1,12 hr 50 min,BLR–DEL,1 stop,HYD,9 hr 50 min,153 kg CO2,+28% emissions,"₹15,537"
229,Aug 15,IndiGo,8:55 AM,8:00 PM,11 hr 5 min,BLR–DEL,1 stop,HYD,7 hr 55 min,143 kg CO2,+20% emissions,"₹15,582"
230,Aug 15,Vistara,9:25 AM,8:45 PM,11 hr 20 min,BLR–DEL,1 stop,GAU,5 hr 50 min,250 kg CO2,+110% emissions,"₹15,726"
231,Aug 15,IndiGo,7:25 AM,6:05 PM,10 hr 40 min,BLR–DEL,1 stop,BHO,7 hr 15 min,143 kg CO2,+20% emissions,"₹15,760"
232,Aug 15,IndiGo,7:30 AM,1:45 PM,6 hr 15 min,BLR–DEL,1 stop,IDR,2 hr 35 min,144 kg CO2,+20% emissions,"₹15,792"
233,Aug 15,IndiGo,11:05 PM,9:45 AM+1,10 hr 40 min,BLR–DEL,1 stop,PNQ,7 hr 15 min,151 kg CO2,+27% emissions,"₹15,944"
234,Aug 15,GO FIRST,9:20 AM,7:05 PM,9 hr 45 min,BLR–DEL,1 stop,PAT,5 hr 30 min,–,-,"₹16,105"
235,Aug 15,Vistara,4:45 PM,10:30 PM,5 hr 45 min,BLR–DEL,1 stop,PNQ,2 hr 15 min,162 kg CO2,+36% emissions,"₹16,429"
236,Aug 15,Vistara,6:25 PM,11:00 PM,4 hr 35 min,BLR–DEL,1 stop,BOM,40 min,173 kg CO2,+45% emissions,"₹16,429"
237,Aug 15,Vistara,7:55 PM,7:40 PM+1,23 hr 45 min,BLR–DEL,1 stop,BOM,19 hr 45 min,173 kg CO2,+45% emissions,"₹16,429"
238,Aug 15,Vistara,9:40 PM,2:20 PM+1,16 hr 40 min,BLR–DEL,1 stop,BOM,13 hr,173 kg CO2,+45% emissions,"₹16,429"
239,Aug 15,Vistara,9:40 PM,7:40 PM+1,22 hr,BLR–DEL,1 stop,BOM,18 hr 10 min,173 kg CO2,+45% emissions,"₹16,429"
240,Aug 15,SpiceJet,8:00 PM,9:00 PM+1,25 hr,BLR–DEL,1 stop,GOI,20 hr 45 min,192 kg CO2,+61% emissions,"₹16,525"
241,Aug 15,IndiGo,8:55 AM,4:15 PM,7 hr 20 min,BLR–DEL,1 stop,HYD,3 hr 55 min,143 kg CO2,+20% emissions,"₹17,235"
242,Aug 15,SpiceJet,8:00 PM,5:45 PM+1,21 hr 45 min,BLR–DEL,1 stop,GOI,17 hr 40 min,192 kg CO2,+61% emissions,"₹17,471"
243,Aug 15,IndiGo,10:15 AM,6:35 PM,8 hr 20 min,BLR–DEL,1 stop,HYD,5 hr,141 kg CO2,+19% emissions,"₹18,527"
244,Aug 15,AirAsia (India),11:15 AM,1:55 PM,2 hr 40 min,BLR–DEL,Nonstop,-,-,95 kg CO2,-19% emissions,"₹18,995"
245,Aug 15,Vistara,12:45 PM,5:05 PM+1,28 hr 20 min,BLR–DEL,1 stop,GOI,24 hr 20 min,181 kg CO2,+52% emissions,"₹18,998"
246,Aug 15,IndiGo,8:55 AM,6:35 PM,9 hr 40 min,BLR–DEL,1 stop,HYD,6 hr 20 min,143 kg CO2,+20% emissions,"₹19,173"
247,Aug 15,Vistara,7:45 AM,3:35 PM,7 hr 50 min,BLR–DEL,1 stop,HYD,4 hr 30 min,153 kg CO2,+28% emissions,"₹19,684"
248,Aug 15,IndiGo,12:50 PM,6:35 PM,5 hr 45 min,BLR–DEL,1 stop,HYD,2 hr 30 min,144 kg CO2,+20% emissions,"₹19,818"
249,Aug 15,SriLankan,9:10 PM,4:15 AM+1,7 hr 5 min,BLR–DEL,1 stop,CMB,2 hr,277 kg CO2,+133% emissions,"₹19,861"
250,Aug 15,SriLankan,9:10 PM,5:45 PM+1,20 hr 35 min,BLR–DEL,1 stop,CMB,15 hr 30 min,277 kg CO2,+133% emissions,"₹19,861"
251,Aug 15,AirAsia (India),5:30 AM,10:55 AM,5 hr 25 min,BLR–DEL,1 stop,GOI,1 hr 40 min,160 kg CO2,+34% emissions,"₹20,502"
252,Aug 15,AirAsia (India),6:15 PM,9:10 PM,2 hr 55 min,BLR–DEL,Nonstop,-,-,95 kg CO2,-19% emissions,"₹20,569"
253,Aug 15,SpiceJet,6:05 AM,6:15 PM,12 hr 10 min,BLR–DEL,1 stop,IXB,6 hr 45 min,233 kg CO2,+95% emissions,"₹20,690"
254,Aug 15,Vistara,12:45 PM,12:40 AM+1,11 hr 55 min,BLR–DEL,1 stop,GOI,7 hr 50 min,172 kg CO2,+44% emissions,"₹21,994"
255,Aug 15,AirAsia (India),10:55 AM,9:45 PM,10 hr 50 min,BLR–DEL,1 stop,COK,6 hr 40 min,182 kg CO2,+53% emissions,"₹22,325"
256,Aug 15,AirAsia (India),1:40 PM,7:20 PM,5 hr 40 min,BLR–DEL,1 stop,GOI,1 hr 50 min,139 kg CO2,+16% emissions,"₹24,376"
257,Aug 15,Oman Air,10:10 AM,1:35 PM+1,27 hr 25 min,BLR–DEL,1 stop,MCT,20 hr 35 min,328 kg CO2,+176% emissions,"₹34,435"
258,Aug 15,THAI,12:30 AM,8:55 PM,20 hr 25 min,BLR–DEL,1 stop,BKK,12 hr,379 kg CO2,+219% emissions,"₹51,823"
259,Aug 15,Gulf Air,4:45 AM,8:50 PM,16 hr 5 min,BLR–DEL,1 stop,BAH,7 hr 5 min,473 kg CO2,+298% emissions,"₹54,537"
260,Aug 15,Emirates,10:35 AM,2:45 AM+1,16 hr 10 min,BLR–DEL,1 stop,DXB,9 hr 15 min,367 kg CO2,+208% emissions,"₹63,854"
261,Aug 15,Emirates,10:35 AM,8:20 PM,9 hr 45 min,BLR–DEL,1 stop,DXB,2 hr 40 min,367 kg CO2,+208% emissions,"₹67,813"
262,Aug 15,Etihad,4:40 AM,7:30 PM,14 hr 50 min,BLR–DEL,1 stop,AUH,7 hr 30 min,"1,334 kg CO2","+1,023% emissions","₹75,389"
263,Aug 15,Etihad,4:40 AM,3:15 AM+1,22 hr 35 min,BLR–DEL,1 stop,AUH,15 hr 15 min,"1,245 kg CO2",+948% emissions,"₹75,389"
264,Aug 15,IndiGo,4:40 AM,7:25 AM,2 hr 45 min,BLR–DEL,Nonstop,-,-,115 kg CO2,Avg emissions,"₹5,707"
265,Aug 15,GO FIRST,5:45 AM,8:35 AM,2 hr 50 min,BLR–DEL,Nonstop,-,-,111 kg CO2,-6% emissions,"₹6,398"
266,Aug 15,Vistara,7:00 AM,9:40 AM,2 hr 40 min,BLR–DEL,Nonstop,-,-,127 kg CO2,+7% emissions,"₹6,870"
267,Aug 15,IndiGo,6:00 AM,8:45 AM,2 hr 45 min,BLR–DEL,Nonstop,-,-,115 kg CO2,Avg emissions,"₹7,435"
268,Aug 15,IndiGo,7:45 AM,10:30 AM,2 hr 45 min,BLR–DEL,Nonstop,-,-,120 kg CO2,Avg emissions,"₹7,435"
269,Aug 15,Vistara,8:00 AM,10:40 AM,2 hr 40 min,BLR–DEL,Nonstop,-,-,127 kg CO2,+7% emissions,"₹7,520"
270,Aug 15,IndiGo,6:20 AM,2:10 PM,7 hr 50 min,BLR–DEL,1 stop,NAG,3 hr 40 min,144 kg CO2,+21% emissions,"₹7,549"
271,Aug 15,IndiGo,2:10 PM,1:00 AM+1,10 hr 50 min,BLR–DEL,1 stop,NAG,7 hr 15 min,144 kg CO2,+21% emissions,"₹7,549"
272,Aug 15,IndiGo,5:55 PM,1:00 AM+1,7 hr 5 min,BLR–DEL,1 stop,NAG,3 hr 30 min,144 kg CO2,+21% emissions,"₹7,549"
273,Aug 15,IndiGo,6:25 PM,12:05 AM+1,5 hr 40 min,BLR–DEL,1 stop,IDR,1 hr 50 min,144 kg CO2,+20% emissions,"₹7,549"
274,Aug 15,AirAsia (India),12:25 AM,3:20 AM,2 hr 55 min,BLR–DEL,Nonstop,-,-,95 kg CO2,-19% emissions,"₹7,655"
275,Aug 15,AirAsia (India),6:10 AM,8:55 AM,2 hr 45 min,BLR–DEL,Nonstop,-,-,119 kg CO2,Avg emissions,"₹7,655"
276,Aug 15,AirAsia (India),2:00 PM,12:45 AM+1,10 hr 45 min,BLR–DEL,1 stop,LKO,7 hr 20 min,159 kg CO2,+33% emissions,"₹7,655"
277,Aug 15,Air India,6:10 AM,8:55 AM,2 hr 45 min,BLR–DEL,Nonstop,-,-,156 kg CO2,+31% emissions,"₹7,685"
278,Aug 15,AirAsia (India),3:35 AM,9:05 AM,5 hr 30 min,BLR–DEL,1 stop,PNQ,1 hr 50 min,138 kg CO2,+16% emissions,"₹7,970"
279,Aug 15,AirAsia (India),5:05 AM,2:20 PM,9 hr 15 min,BLR–DEL,1 stop,IXR,4 hr 45 min,184 kg CO2,+54% emissions,"₹7,970"
280,Aug 15,AirAsia (India),8:45 AM,3:20 PM,6 hr 35 min,BLR–DEL,1 stop,GAU,50 min,242 kg CO2,+103% emissions,"₹7,970"
281,Aug 15,AirAsia (India),3:15 PM,9:20 PM,6 hr 5 min,BLR–DEL,1 stop,VTZ,2 hr 10 min,170 kg CO2,+42% emissions,"₹7,970"
282,Aug 15,AirAsia (India),10:15 PM,3:45 AM+1,5 hr 30 min,BLR–DEL,1 stop,PNQ,2 hr 10 min,156 kg CO2,+31% emissions,"₹7,970"
283,Aug 15,AirAsia (India),10:15 PM,9:05 AM+1,10 hr 50 min,BLR–DEL,1 stop,PNQ,7 hr 25 min,138 kg CO2,+16% emissions,"₹7,970"
284,Aug 15,AirAsia (India),2:00 PM,9:35 PM,7 hr 35 min,BLR–DEL,1 stop,LKO,4 hr 15 min,159 kg CO2,+33% emissions,"₹8,075"
285,Aug 15,SpiceJet,5:55 AM,8:35 AM,2 hr 40 min,BLR–DEL,Nonstop,-,-,167 kg CO2,+41% emissions,"₹8,182"
286,Aug 15,IndiGo,11:05 PM,2:00 AM+1,2 hr 55 min,BLR–DEL,Nonstop,-,-,115 kg CO2,Avg emissions,"₹8,667"
287,Aug 15,Vistara,4:30 AM,7:40 AM+1,27 hr 10 min,BLR–DEL,1 stop,PNQ,23 hr 35 min,162 kg CO2,+36% emissions,"₹8,738"
288,Aug 15,AirAsia (India),5:10 AM,12:05 PM,6 hr 55 min,BLR–DEL,1 stop,COK,2 hr 30 min,182 kg CO2,+53% emissions,"₹8,915"
289,Aug 15,AirAsia (India),5:40 AM,12:05 PM,6 hr 25 min,BLR–DEL,1 stop,COK,2 hr,182 kg CO2,+53% emissions,"₹8,915"
290,Aug 15,IndiGo,10:05 PM,12:45 AM+1,2 hr 40 min,BLR–DEL,Nonstop,-,-,119 kg CO2,Avg emissions,"₹8,988"
291,Aug 15,SpiceJet,5:30 PM,8:05 PM,2 hr 35 min,BLR–DEL,Nonstop,-,-,167 kg CO2,+41% emissions,"₹9,048"
292,Aug 15,IndiGo,2:30 AM,9:45 AM,7 hr 15 min,BLR–DEL,1 stop,PNQ,3 hr 45 min,151 kg CO2,+27% emissions,"₹9,120"
293,Aug 15,IndiGo,9:20 AM,12:10 PM,2 hr 50 min,BLR–DEL,Nonstop,-,-,115 kg CO2,Avg emissions,"₹9,363"
294,Aug 15,IndiGo,11:45 AM,2:40 PM,2 hr 55 min,BLR–DEL,Nonstop,-,-,115 kg CO2,Avg emissions,"₹9,363"
295,Aug 15,IndiGo,5:25 AM,1:15 PM,7 hr 50 min,BLR–DEL,1 stop,PNQ,4 hr 20 min,151 kg CO2,+26% emissions,"₹9,486"
296,Aug 15,IndiGo,7:10 AM,12:10 PM,5 hr,BLR–DEL,1 stop,HYD,1 hr 35 min,141 kg CO2,+19% emissions,"₹9,486"
297,Aug 15,AirAsia (India),10:30 PM,1:20 AM+1,2 hr 50 min,BLR–DEL,Nonstop,-,-,95 kg CO2,-19% emissions,"₹9,755"
298,Aug 15,GO FIRST,9:00 PM,11:45 PM,2 hr 45 min,BLR–DEL,Nonstop,-,-,111 kg CO2,-6% emissions,"₹9,804"
299,Aug 15,IndiGo,1:55 PM,4:35 PM,2 hr 40 min,BLR–DEL,Nonstop,-,-,115 kg CO2,Avg emissions,"₹9,845"
300,Aug 15,IndiGo,7:15 PM,10:00 PM,2 hr 45 min,BLR–DEL,Nonstop,-,-,115 kg CO2,Avg emissions,"₹9,845"
301,Aug 15,IndiGo,8:30 PM,11:15 PM,2 hr 45 min,BLR–DEL,Nonstop,-,-,115 kg CO2,Avg emissions,"₹9,845"
302,Aug 15,AirAsia (India),5:20 AM,2:55 PM,9 hr 35 min,BLR–DEL,1 stop,IXB,4 hr 20 min,173 kg CO2,+45% emissions,"₹9,971"
303,Aug 15,GO FIRST,8:55 AM,2:20 PM,5 hr 25 min,BLR–DEL,1 stop,BOM,1 hr 35 min,152 kg CO2,+27% emissions,"₹10,014"
304,Aug 15,Vistara,9:45 AM,12:40 PM,2 hr 55 min,BLR–DEL,Nonstop,-,-,127 kg CO2,+7% emissions,"₹10,025"
305,Aug 15,Vistara,6:45 PM,9:25 PM,2 hr 40 min,BLR–DEL,Nonstop,-,-,127 kg CO2,+7% emissions,"₹10,025"
306,Aug 15,AirAsia (India),12:15 PM,7:55 PM,7 hr 40 min,BLR–DEL,1 stop,IXR,3 hr 25 min,164 kg CO2,+38% emissions,"₹10,095"
307,Aug 15,IndiGo,4:10 PM,11:05 PM,6 hr 55 min,BLR–DEL,1 stop,RPR,3 hr 15 min,154 kg CO2,+29% emissions,"₹10,132"
308,Aug 15,IndiGo,9:50 PM,7:40 AM+1,9 hr 50 min,BLR–DEL,1 stop,JAI,6 hr 20 min,142 kg CO2,+19% emissions,"₹10,132"
309,Aug 15,GO FIRST,8:55 AM,5:35 PM,8 hr 40 min,BLR–DEL,1 stop,BOM,4 hr 40 min,152 kg CO2,+27% emissions,"₹10,328"
310,Aug 15,Air India,10:00 AM,12:50 PM,2 hr 50 min,BLR–DEL,Nonstop,-,-,156 kg CO2,+31% emissions,"₹10,415"
311,Aug 15,SpiceJet,1:30 PM,11:20 PM,9 hr 50 min,BLR–DEL,1 stop,PAT,5 hr 10 min,198 kg CO2,+67% emissions,"₹10,561"
312,Aug 15,SpiceJet,1:30 PM,3:05 PM+1,25 hr 35 min,BLR–DEL,1 stop,PAT,21 hr 5 min,–,-,"₹10,561"
313,Aug 15,Vistara,11:30 AM,2:20 PM,2 hr 50 min,BLR–DEL,Nonstop,-,-,127 kg CO2,+7% emissions,"₹10,655"
314,Aug 15,Vistara,5:45 PM,8:20 PM,2 hr 35 min,BLR–DEL,Nonstop,-,-,138 kg CO2,+16% emissions,"₹10,655"
315,Aug 15,Vistara,7:40 PM,10:20 PM,2 hr 40 min,BLR–DEL,Nonstop,-,-,138 kg CO2,+16% emissions,"₹10,655"
316,Aug 15,IndiGo,2:30 AM,1:15 PM,10 hr 45 min,BLR–DEL,1 stop,PNQ,7 hr 15 min,151 kg CO2,+27% emissions,"₹10,778"
317,Aug 15,IndiGo,10:10 PM,7:15 AM+1,9 hr 5 min,BLR–DEL,1 stop,HYD,5 hr 50 min,141 kg CO2,+19% emissions,"₹10,778"
318,Aug 15,GO FIRST,3:35 PM,11:10 PM,7 hr 35 min,BLR–DEL,1 stop,HYD,4 hr 15 min,137 kg CO2,+15% emissions,"₹10,785"
319,Aug 15,IndiGo,2:55 PM,5:45 PM,2 hr 50 min,BLR–DEL,Nonstop,-,-,120 kg CO2,Avg emissions,"₹10,809"
320,Aug 15,IndiGo,4:30 PM,7:15 PM,2 hr 45 min,BLR–DEL,Nonstop,-,-,115 kg CO2,Avg emissions,"₹10,809"
321,Aug 15,IndiGo,6:00 PM,8:45 PM,2 hr 45 min,BLR–DEL,Nonstop,-,-,115 kg CO2,Avg emissions,"₹10,809"
322,Aug 15,Vistara,9:15 PM,11:45 PM,2 hr 30 min,BLR–DEL,Nonstop,-,-,127 kg CO2,+7% emissions,"₹10,830"
323,Aug 15,SpiceJet,9:25 AM,10:15 AM+1,24 hr 50 min,BLR–DEL,1 stop,JLR,20 hr 35 min,131 kg CO2,+10% emissions,"₹10,917"
324,Aug 15,Air India,6:45 AM,12:20 PM,5 hr 35 min,BLR–DEL,1 stop,BOM,1 hr 25 min,211 kg CO2,+77% emissions,"₹10,939"
325,Aug 15,Air India,6:45 AM,9:05 AM+1,26 hr 20 min,BLR–DEL,1 stop,BOM,22 hr 25 min,211 kg CO2,+77% emissions,"₹10,939"
326,Aug 15,Air India,6:45 AM,10:15 AM+1,27 hr 30 min,BLR–DEL,1 stop,BOM,23 hr 25 min,201 kg CO2,+69% emissions,"₹10,939"
327,Aug 15,Air India,8:20 AM,9:05 AM+1,24 hr 45 min,BLR–DEL,1 stop,BOM,20 hr 25 min,200 kg CO2,+68% emissions,"₹10,939"
328,Aug 15,Air India,8:20 AM,10:15 AM+1,25 hr 55 min,BLR–DEL,1 stop,BOM,21 hr 25 min,190 kg CO2,+59% emissions,"₹10,939"
329,Aug 15,Air India,8:20 AM,11:20 AM+1,27 hr,BLR–DEL,1 stop,BOM,22 hr 25 min,200 kg CO2,+68% emissions,"₹10,939"
330,Aug 15,Air India,8:20 AM,12:20 PM+1,28 hr,BLR–DEL,1 stop,BOM,23 hr 25 min,200 kg CO2,+68% emissions,"₹10,939"
331,Aug 15,SpiceJet,9:35 AM,8:45 AM+1,23 hr 10 min,BLR–DEL,1 stop,PNQ,19 hr 25 min,168 kg CO2,+41% emissions,"₹11,106"
332,Aug 15,Air India,9:20 PM,12:10 AM+1,2 hr 50 min,BLR–DEL,Nonstop,-,-,137 kg CO2,+15% emissions,"₹11,150"
333,Aug 15,Air India,6:45 AM,11:20 AM+1,28 hr 35 min,BLR–DEL,1 stop,BOM,24 hr 25 min,211 kg CO2,+77% emissions,"₹11,317"
334,Aug 15,GO FIRST,8:55 AM,9:40 PM,12 hr 45 min,BLR–DEL,1 stop,BOM,9 hr,152 kg CO2,+27% emissions,"₹11,378"
335,Aug 15,Vistara,6:40 AM,12:40 PM,6 hr,BLR–DEL,1 stop,BOM,2 hr 10 min,173 kg CO2,+45% emissions,"₹11,395"
336,Aug 15,Vistara,6:40 AM,8:05 AM+1,25 hr 25 min,BLR–DEL,1 stop,BOM,21 hr 45 min,173 kg CO2,+45% emissions,"₹11,395"
337,Aug 15,Vistara,6:40 AM,8:35 AM+1,25 hr 55 min,BLR–DEL,1 stop,BOM,22 hr 15 min,173 kg CO2,+45% emissions,"₹11,395"
338,Aug 15,Vistara,6:40 AM,9:35 AM+1,26 hr 55 min,BLR–DEL,1 stop,BOM,23 hr 15 min,181 kg CO2,+52% emissions,"₹11,395"
339,Aug 15,Vistara,8:30 AM,8:05 AM+1,23 hr 35 min,BLR–DEL,1 stop,BOM,19 hr 45 min,173 kg CO2,+45% emissions,"₹11,395"
340,Aug 15,Vistara,8:30 AM,8:35 AM+1,24 hr 5 min,BLR–DEL,1 stop,BOM,20 hr 15 min,173 kg CO2,+45% emissions,"₹11,395"
341,Aug 15,Vistara,8:30 AM,9:35 AM+1,25 hr 5 min,BLR–DEL,1 stop,BOM,21 hr 15 min,181 kg CO2,+52% emissions,"₹11,395"
342,Aug 15,Vistara,8:30 AM,11:00 AM+1,26 hr 30 min,BLR–DEL,1 stop,BOM,22 hr 30 min,173 kg CO2,+45% emissions,"₹11,395"
343,Aug 15,IndiGo,7:10 AM,1:55 PM,6 hr 45 min,BLR–DEL,1 stop,HYD,3 hr 20 min,141 kg CO2,+19% emissions,"₹11,424"
344,Aug 15,IndiGo,7:50 AM,3:55 PM,8 hr 5 min,BLR–DEL,1 stop,RPR,4 hr 40 min,158 kg CO2,+32% emissions,"₹11,424"
345,Aug 15,IndiGo,7:50 AM,7:25 PM,11 hr 35 min,BLR–DEL,1 stop,RPR,8 hr,160 kg CO2,+35% emissions,"₹11,424"
346,Aug 15,IndiGo,5:05 PM,4:10 AM+1,11 hr 5 min,BLR–DEL,1 stop,PNQ,7 hr 35 min,151 kg CO2,+27% emissions,"₹11,424"
347,Aug 15,IndiGo,8:30 PM,4:10 AM+1,7 hr 40 min,BLR–DEL,1 stop,PNQ,4 hr 15 min,153 kg CO2,+28% emissions,"₹11,452"
348,Aug 15,Air India,6:45 AM,3:15 PM,8 hr 30 min,BLR–DEL,1 stop,BOM,4 hr 25 min,211 kg CO2,+77% emissions,"₹11,464"
349,Aug 15,Air India,6:45 AM,6:20 PM,11 hr 35 min,BLR–DEL,1 stop,BOM,7 hr 25 min,206 kg CO2,+73% emissions,"₹11,464"
350,Aug 15,Air India,8:20 AM,3:15 PM,6 hr 55 min,BLR–DEL,1 stop,BOM,2 hr 25 min,200 kg CO2,+68% emissions,"₹11,464"
351,Aug 15,Air India,8:20 AM,6:20 PM,10 hr,BLR–DEL,1 stop,BOM,5 hr 25 min,195 kg CO2,+64% emissions,"₹11,464"
352,Aug 15,SpiceJet,9:35 AM,4:40 AM+1,19 hr 5 min,BLR–DEL,1 stop,PNQ,15 hr 25 min,211 kg CO2,+77% emissions,"₹11,539"
353,Aug 15,Vistara,9:30 AM,8:05 AM+1,22 hr 35 min,BLR–DEL,1 stop,BOM,18 hr 35 min,173 kg CO2,+45% emissions,"₹11,762"
354,Aug 15,Vistara,9:30 AM,8:35 AM+1,23 hr 5 min,BLR–DEL,1 stop,BOM,19 hr 5 min,173 kg CO2,+45% emissions,"₹11,762"
355,Aug 15,Vistara,9:30 AM,9:35 AM+1,24 hr 5 min,BLR–DEL,1 stop,BOM,20 hr 5 min,181 kg CO2,+52% emissions,"₹11,762"
356,Aug 15,Vistara,9:30 AM,11:00 AM+1,25 hr 30 min,BLR–DEL,1 stop,BOM,21 hr 20 min,173 kg CO2,+45% emissions,"₹11,762"
357,Aug 15,Vistara,9:30 AM,12:40 PM+1,27 hr 10 min,BLR–DEL,1 stop,BOM,23 hr,173 kg CO2,+45% emissions,"₹11,762"
358,Aug 15,IndiGo,11:05 PM,4:10 AM+1,5 hr 5 min,BLR–DEL,1 stop,PNQ,1 hr 35 min,151 kg CO2,+27% emissions,"₹11,767"
359,Aug 15,Vistara,6:40 AM,11:00 AM+1,28 hr 20 min,BLR–DEL,1 stop,BOM,24 hr 30 min,173 kg CO2,+45% emissions,"₹11,773"
360,Aug 15,Vistara,8:30 AM,12:40 PM+1,28 hr 10 min,BLR–DEL,1 stop,BOM,24 hr 10 min,173 kg CO2,+45% emissions,"₹11,773"
361,Aug 15,GO FIRST,5:00 PM,11:30 PM,6 hr 30 min,BLR–DEL,1 stop,BOM,2 hr 20 min,152 kg CO2,+27% emissions,"₹11,926"
362,Aug 15,GO FIRST,5:00 PM,1:10 AM+1,8 hr 10 min,BLR–DEL,1 stop,BOM,4 hr 5 min,152 kg CO2,+27% emissions,"₹11,926"
363,Aug 15,GO FIRST,5:00 PM,2:15 AM+1,9 hr 15 min,BLR–DEL,1 stop,BOM,5 hr,152 kg CO2,+27% emissions,"₹11,926"
364,Aug 15,GO FIRST,6:15 PM,11:30 PM,5 hr 15 min,BLR–DEL,1 stop,BOM,1 hr 10 min,152 kg CO2,+27% emissions,"₹11,926"
365,Aug 15,GO FIRST,6:15 PM,1:10 AM+1,6 hr 55 min,BLR–DEL,1 stop,BOM,2 hr 55 min,152 kg CO2,+27% emissions,"₹11,926"
366,Aug 15,GO FIRST,6:15 PM,2:15 AM+1,8 hr,BLR–DEL,1 stop,BOM,3 hr 50 min,152 kg CO2,+27% emissions,"₹11,926"
367,Aug 15,GO FIRST,9:20 AM,2:55 PM,5 hr 35 min,BLR–DEL,1 stop,PAT,1 hr 15 min,174 kg CO2,+46% emissions,"₹12,007"
368,Aug 15,GO FIRST,9:20 AM,4:25 PM,7 hr 5 min,BLR–DEL,1 stop,PAT,2 hr 50 min,174 kg CO2,+46% emissions,"₹12,007"
369,Aug 15,GO FIRST,5:45 PM,1:30 AM+1,7 hr 45 min,BLR–DEL,1 stop,PNQ,4 hr 10 min,146 kg CO2,+23% emissions,"₹12,009"
370,Aug 15,Vistara,6:40 AM,12:10 AM+1,17 hr 30 min,BLR–DEL,1 stop,BOM,13 hr 40 min,173 kg CO2,+45% emissions,"₹12,025"
371,Aug 15,Vistara,8:30 AM,12:10 AM+1,15 hr 40 min,BLR–DEL,1 stop,BOM,11 hr 40 min,173 kg CO2,+45% emissions,"₹12,025"
372,Aug 15,IndiGo,3:35 PM,9:55 PM,6 hr 20 min,BLR–DEL,1 stop,JAI,2 hr 45 min,135 kg CO2,+14% emissions,"₹12,064"
373,Aug 15,IndiGo,8:55 AM,1:55 PM,5 hr,BLR–DEL,1 stop,HYD,1 hr 35 min,143 kg CO2,+20% emissions,"₹12,069"
374,Aug 15,IndiGo,3:45 PM,12:45 AM+1,9 hr,BLR–DEL,1 stop,HYD,5 hr 40 min,141 kg CO2,+19% emissions,"₹12,069"
375,Aug 15,IndiGo,8:30 PM,2:20 AM+1,5 hr 50 min,BLR–DEL,1 stop,PNQ,2 hr 25 min,153 kg CO2,+28% emissions,"₹12,069"
376,Aug 15,Vistara,9:30 AM,2:05 PM+1,28 hr 35 min,BLR–DEL,1 stop,BOM,24 hr 30 min,173 kg CO2,+45% emissions,"₹12,140"
377,Aug 15,Vistara,6:40 AM,2:05 PM,7 hr 25 min,BLR–DEL,1 stop,BOM,3 hr 40 min,173 kg CO2,+45% emissions,"₹12,235"
378,Aug 15,Vistara,8:30 AM,2:05 PM,5 hr 35 min,BLR–DEL,1 stop,BOM,1 hr 40 min,173 kg CO2,+45% emissions,"₹12,235"
379,Aug 15,Air India,6:45 AM,8:10 PM,13 hr 25 min,BLR–DEL,1 stop,BOM,9 hr 25 min,211 kg CO2,+77% emissions,"₹12,304"
380,Aug 15,Air India,6:45 AM,9:15 PM,14 hr 30 min,BLR–DEL,1 stop,BOM,10 hr 25 min,211 kg CO2,+77% emissions,"₹12,304"
381,Aug 15,Air India,8:20 AM,8:10 PM,11 hr 50 min,BLR–DEL,1 stop,BOM,7 hr 25 min,200 kg CO2,+68% emissions,"₹12,304"
382,Aug 15,Air India,8:20 AM,9:15 PM,12 hr 55 min,BLR–DEL,1 stop,BOM,8 hr 25 min,200 kg CO2,+68% emissions,"₹12,304"
383,Aug 15,IndiGo,8:30 PM,6:55 AM+1,10 hr 25 min,BLR–DEL,1 stop,PNQ,7 hr 10 min,156 kg CO2,+31% emissions,"₹12,379"
384,Aug 15,Vistara,9:30 AM,12:10 AM+1,14 hr 40 min,BLR–DEL,1 stop,BOM,10 hr 30 min,173 kg CO2,+45% emissions,"₹12,392"
385,Aug 15,SpiceJet,9:25 AM,8:50 PM,11 hr 25 min,BLR–DEL,1 stop,JLR,6 hr 55 min,131 kg CO2,+10% emissions,"₹12,431"
386,Aug 15,IndiGo,12:50 PM,10:20 PM,9 hr 30 min,BLR–DEL,1 stop,HYD,6 hr 10 min,144 kg CO2,+20% emissions,"₹12,432"
387,Aug 15,IndiGo,3:35 PM,11:25 PM,7 hr 50 min,BLR–DEL,1 stop,JAI,4 hr 20 min,141 kg CO2,+18% emissions,"₹12,484"
388,Aug 15,SpiceJet,9:35 AM,7:45 PM,10 hr 10 min,BLR–DEL,1 stop,PNQ,6 hr 25 min,211 kg CO2,+77% emissions,"₹12,621"
389,Aug 15,Vistara,8:10 PM,12:30 PM+1,16 hr 20 min,BLR–DEL,1 stop,HYD,13 hr,161 kg CO2,+35% emissions,"₹12,649"
390,Aug 15,Vistara,8:10 PM,3:35 PM+1,19 hr 25 min,BLR–DEL,1 stop,HYD,16 hr 15 min,153 kg CO2,+28% emissions,"₹12,649"
391,Aug 15,IndiGo,5:05 PM,11:00 PM,5 hr 55 min,BLR–DEL,1 stop,PNQ,2 hr 25 min,155 kg CO2,+30% emissions,"₹12,694"
392,Aug 15,IndiGo,5:05 PM,2:20 AM+1,9 hr 15 min,BLR–DEL,1 stop,PNQ,5 hr 45 min,151 kg CO2,+27% emissions,"₹12,694"
393,Aug 15,IndiGo,11:05 PM,6:55 AM+1,7 hr 50 min,BLR–DEL,1 stop,PNQ,4 hr 30 min,154 kg CO2,+29% emissions,"₹12,694"
394,Aug 15,IndiGo,12:50 PM,11:30 PM,10 hr 40 min,BLR–DEL,1 stop,HYD,7 hr 25 min,144 kg CO2,+20% emissions,"₹12,715"
395,Aug 15,IndiGo,2:10 PM,7:30 PM,5 hr 20 min,BLR–DEL,1 stop,NAG,1 hr 50 min,147 kg CO2,+23% emissions,"₹12,715"
396,Aug 15,IndiGo,6:50 PM,12:45 AM+1,5 hr 55 min,BLR–DEL,1 stop,HYD,2 hr 30 min,143 kg CO2,+20% emissions,"₹12,715"
397,Aug 15,IndiGo,3:45 PM,10:20 PM,6 hr 35 min,BLR–DEL,1 stop,HYD,3 hr 10 min,141 kg CO2,+19% emissions,"₹12,747"
398,Aug 15,GO FIRST,5:00 PM,11:00 PM,6 hr,BLR–DEL,1 stop,BOM,1 hr 50 min,152 kg CO2,+27% emissions,"₹12,813"
399,Aug 15,Vistara,4:30 AM,10:30 PM,18 hr,BLR–DEL,1 stop,PNQ,14 hr 40 min,162 kg CO2,+36% emissions,"₹12,859"
400,Aug 15,IndiGo,8:50 AM,3:20 PM,6 hr 30 min,BLR–DEL,1 stop,JAI,2 hr 55 min,141 kg CO2,+18% emissions,"₹12,904"
401,Aug 15,Air India,7:10 PM,9:05 AM+1,13 hr 55 min,BLR–DEL,1 stop,BOM,9 hr 55 min,203 kg CO2,+70% emissions,"₹12,934"
402,Aug 15,Air India,7:10 PM,10:15 AM+1,15 hr 5 min,BLR–DEL,1 stop,BOM,10 hr 55 min,192 kg CO2,+62% emissions,"₹12,934"
403,Aug 15,Air India,7:10 PM,11:20 AM+1,16 hr 10 min,BLR–DEL,1 stop,BOM,11 hr 55 min,203 kg CO2,+70% emissions,"₹12,934"
404,Aug 15,Air India,7:10 PM,12:20 PM+1,17 hr 10 min,BLR–DEL,1 stop,BOM,12 hr 55 min,203 kg CO2,+70% emissions,"₹12,934"
405,Aug 15,Air India,7:10 PM,3:15 PM+1,20 hr 5 min,BLR–DEL,1 stop,BOM,15 hr 55 min,203 kg CO2,+70% emissions,"₹12,934"
406,Aug 15,Air India,7:10 PM,6:20 PM+1,23 hr 10 min,BLR–DEL,1 stop,BOM,18 hr 55 min,198 kg CO2,+66% emissions,"₹12,934"
407,Aug 15,Air India,7:10 PM,8:10 PM+1,25 hr,BLR–DEL,1 stop,BOM,20 hr 55 min,203 kg CO2,+70% emissions,"₹12,934"
408,Aug 15,Air India,7:10 PM,9:15 PM+1,26 hr 5 min,BLR–DEL,1 stop,BOM,21 hr 55 min,203 kg CO2,+70% emissions,"₹12,934"
409,Aug 15,GO FIRST,5:30 AM,2:30 PM,9 hr,BLR–DEL,1 stop,PNQ,5 hr 30 min,146 kg CO2,+23% emissions,"₹12,955"
410,Aug 15,Vistara,7:45 AM,12:30 PM,4 hr 45 min,BLR–DEL,1 stop,HYD,1 hr 15 min,161 kg CO2,+35% emissions,"₹13,069"
411,Aug 15,AirAsia (India),12:50 PM,8:25 PM,7 hr 35 min,BLR–DEL,1 stop,PNQ,3 hr 40 min,138 kg CO2,+16% emissions,"₹13,167"
412,Aug 15,Vistara,4:45 PM,7:40 AM+1,14 hr 55 min,BLR–DEL,1 stop,PNQ,11 hr 10 min,162 kg CO2,+36% emissions,"₹13,279"
413,Aug 15,Vistara,4:45 PM,1:30 PM+1,20 hr 45 min,BLR–DEL,1 stop,PNQ,16 hr 55 min,162 kg CO2,+36% emissions,"₹13,279"
414,Aug 15,Vistara,4:45 PM,7:10 PM+1,26 hr 25 min,BLR–DEL,1 stop,PNQ,22 hr 35 min,162 kg CO2,+36% emissions,"₹13,279"
415,Aug 15,IndiGo,3:45 PM,11:30 PM,7 hr 45 min,BLR–DEL,1 stop,HYD,4 hr 25 min,141 kg CO2,+19% emissions,"₹13,361"
416,Aug 15,IndiGo,6:50 PM,11:30 PM,4 hr 40 min,BLR–DEL,1 stop,HYD,1 hr 15 min,143 kg CO2,+20% emissions,"₹13,361"
417,Aug 15,GO FIRST,5:45 PM,11:15 PM,5 hr 30 min,BLR–DEL,1 stop,PNQ,2 hr 10 min,146 kg CO2,+23% emissions,"₹13,375"
418,Aug 15,Vistara,4:30 AM,1:30 PM,9 hr,BLR–DEL,1 stop,PNQ,5 hr 20 min,162 kg CO2,+36% emissions,"₹13,384"
419,Aug 15,Vistara,9:40 PM,12:10 AM+2,26 hr 30 min,BLR–DEL,1 stop,BOM,22 hr 30 min,173 kg CO2,+45% emissions,"₹13,547"
420,Aug 15,Vistara,6:40 AM,2:20 PM,7 hr 40 min,BLR–DEL,1 stop,BOM,4 hr 10 min,173 kg CO2,+45% emissions,"₹13,810"
421,Aug 15,Vistara,6:40 AM,4:55 PM,10 hr 15 min,BLR–DEL,1 stop,BOM,6 hr 25 min,173 kg CO2,+45% emissions,"₹13,810"
422,Aug 15,Vistara,6:40 AM,8:40 PM,14 hr,BLR–DEL,1 stop,BOM,10 hr 15 min,173 kg CO2,+45% emissions,"₹13,810"
423,Aug 15,Vistara,6:40 AM,9:55 PM,15 hr 15 min,BLR–DEL,1 stop,BOM,11 hr 30 min,173 kg CO2,+45% emissions,"₹13,810"
424,Aug 15,Vistara,6:40 AM,11:00 PM,16 hr 20 min,BLR–DEL,1 stop,BOM,12 hr 40 min,173 kg CO2,+45% emissions,"₹13,810"
425,Aug 15,Vistara,8:30 AM,2:20 PM,5 hr 50 min,BLR–DEL,1 stop,BOM,2 hr 10 min,173 kg CO2,+45% emissions,"₹13,810"
426,Aug 15,Vistara,8:30 AM,4:55 PM,8 hr 25 min,BLR–DEL,1 stop,BOM,4 hr 25 min,173 kg CO2,+45% emissions,"₹13,810"
427,Aug 15,Vistara,8:30 AM,8:40 PM,12 hr 10 min,BLR–DEL,1 stop,BOM,8 hr 15 min,173 kg CO2,+45% emissions,"₹13,810"
428,Aug 15,Vistara,8:30 AM,9:55 PM,13 hr 25 min,BLR–DEL,1 stop,BOM,9 hr 30 min,173 kg CO2,+45% emissions,"₹13,810"
429,Aug 15,Vistara,8:30 AM,11:00 PM,14 hr 30 min,BLR–DEL,1 stop,BOM,10 hr 40 min,173 kg CO2,+45% emissions,"₹13,810"
430,Aug 15,IndiGo,10:10 PM,9:15 AM+1,11 hr 5 min,BLR–DEL,1 stop,HYD,7 hr 45 min,141 kg CO2,+19% emissions,"₹13,902"
431,Aug 15,Vistara,4:30 AM,7:10 PM,14 hr 40 min,BLR–DEL,1 stop,PNQ,11 hr,162 kg CO2,+36% emissions,"₹13,909"
432,Aug 15,Vistara,7:55 PM,12:10 AM+2,28 hr 15 min,BLR–DEL,1 stop,BOM,24 hr 5 min,173 kg CO2,+45% emissions,"₹13,925"
433,Aug 15,Vistara,4:45 PM,10:30 PM+1,29 hr 45 min,BLR–DEL,1 stop,PNQ,26 hr 15 min,162 kg CO2,+36% emissions,"₹13,972"
434,Aug 15,IndiGo,10:15 AM,8:00 PM,9 hr 45 min,BLR–DEL,1 stop,HYD,6 hr 35 min,141 kg CO2,+19% emissions,"₹14,007"
435,Aug 15,Vistara,6:25 PM,8:05 AM+1,13 hr 40 min,BLR–DEL,1 stop,BOM,9 hr 45 min,173 kg CO2,+45% emissions,"₹14,014"
436,Aug 15,Vistara,6:25 PM,12:40 PM+1,18 hr 15 min,BLR–DEL,1 stop,BOM,14 hr 10 min,173 kg CO2,+45% emissions,"₹14,014"
437,Aug 15,Vistara,6:25 PM,4:55 PM+1,22 hr 30 min,BLR–DEL,1 stop,BOM,18 hr 25 min,173 kg CO2,+45% emissions,"₹14,014"
438,Aug 15,Vistara,6:25 PM,6:05 PM+1,23 hr 40 min,BLR–DEL,1 stop,BOM,19 hr 30 min,173 kg CO2,+45% emissions,"₹14,014"
439,Aug 15,Vistara,6:25 PM,8:40 PM+1,26 hr 15 min,BLR–DEL,1 stop,BOM,22 hr 15 min,173 kg CO2,+45% emissions,"₹14,014"
440,Aug 15,Vistara,6:25 PM,9:55 PM+1,27 hr 30 min,BLR–DEL,1 stop,BOM,23 hr 30 min,173 kg CO2,+45% emissions,"₹14,014"
441,Aug 15,Vistara,6:55 PM,8:05 AM+1,13 hr 10 min,BLR–DEL,1 stop,BOM,9 hr 20 min,173 kg CO2,+45% emissions,"₹14,014"
442,Aug 15,Vistara,6:55 PM,8:35 AM+1,13 hr 40 min,BLR–DEL,1 stop,BOM,9 hr 50 min,173 kg CO2,+45% emissions,"₹14,014"
443,Aug 15,Vistara,6:55 PM,12:40 PM+1,17 hr 45 min,BLR–DEL,1 stop,BOM,13 hr 45 min,173 kg CO2,+45% emissions,"₹14,014"
444,Aug 15,Vistara,6:55 PM,2:05 PM+1,19 hr 10 min,BLR–DEL,1 stop,BOM,15 hr 15 min,173 kg CO2,+45% emissions,"₹14,014"
445,Aug 15,Vistara,6:55 PM,4:55 PM+1,22 hr,BLR–DEL,1 stop,BOM,18 hr,173 kg CO2,+45% emissions,"₹14,014"
446,Aug 15,Vistara,6:55 PM,6:05 PM+1,23 hr 10 min,BLR–DEL,1 stop,BOM,19 hr 5 min,173 kg CO2,+45% emissions,"₹14,014"
447,Aug 15,Vistara,6:55 PM,8:40 PM+1,25 hr 45 min,BLR–DEL,1 stop,BOM,21 hr 50 min,173 kg CO2,+45% emissions,"₹14,014"
448,Aug 15,Vistara,6:55 PM,9:55 PM+1,27 hr,BLR–DEL,1 stop,BOM,23 hr 5 min,173 kg CO2,+45% emissions,"₹14,014"
449,Aug 15,Vistara,7:55 PM,8:05 AM+1,12 hr 10 min,BLR–DEL,1 stop,BOM,8 hr 10 min,173 kg CO2,+45% emissions,"₹14,014"
450,Aug 15,Vistara,7:55 PM,8:35 AM+1,12 hr 40 min,BLR–DEL,1 stop,BOM,8 hr 40 min,173 kg CO2,+45% emissions,"₹14,014"
451,Aug 15,Vistara,7:55 PM,9:35 AM+1,13 hr 40 min,BLR–DEL,1 stop,BOM,9 hr 40 min,181 kg CO2,+52% emissions,"₹14,014"
452,Aug 15,Vistara,7:55 PM,12:40 PM+1,16 hr 45 min,BLR–DEL,1 stop,BOM,12 hr 35 min,173 kg CO2,+45% emissions,"₹14,014"
453,Aug 15,Vistara,7:55 PM,2:05 PM+1,18 hr 10 min,BLR–DEL,1 stop,BOM,14 hr 5 min,173 kg CO2,+45% emissions,"₹14,014"
454,Aug 15,Vistara,7:55 PM,4:55 PM+1,21 hr,BLR–DEL,1 stop,BOM,16 hr 50 min,173 kg CO2,+45% emissions,"₹14,014"
455,Aug 15,Vistara,7:55 PM,6:05 PM+1,22 hr 10 min,BLR–DEL,1 stop,BOM,17 hr 55 min,173 kg CO2,+45% emissions,"₹14,014"
456,Aug 15,Vistara,7:55 PM,8:40 PM+1,24 hr 45 min,BLR–DEL,1 stop,BOM,20 hr 40 min,173 kg CO2,+45% emissions,"₹14,014"
457,Aug 15,Vistara,7:55 PM,9:55 PM+1,26 hr,BLR–DEL,1 stop,BOM,21 hr 55 min,173 kg CO2,+45% emissions,"₹14,014"
458,Aug 15,Vistara,7:55 PM,11:00 PM+1,27 hr 5 min,BLR–DEL,1 stop,BOM,23 hr 5 min,173 kg CO2,+45% emissions,"₹14,014"
459,Aug 15,Vistara,9:40 PM,8:05 AM+1,10 hr 25 min,BLR–DEL,1 stop,BOM,6 hr 35 min,173 kg CO2,+45% emissions,"₹14,014"
460,Aug 15,Vistara,9:40 PM,8:35 AM+1,10 hr 55 min,BLR–DEL,1 stop,BOM,7 hr 5 min,173 kg CO2,+45% emissions,"₹14,014"
461,Aug 15,Vistara,9:40 PM,9:35 AM+1,11 hr 55 min,BLR–DEL,1 stop,BOM,8 hr 5 min,181 kg CO2,+52% emissions,"₹14,014"
462,Aug 15,Vistara,9:40 PM,11:00 AM+1,13 hr 20 min,BLR–DEL,1 stop,BOM,9 hr 20 min,173 kg CO2,+45% emissions,"₹14,014"
463,Aug 15,Vistara,9:40 PM,12:40 PM+1,15 hr,BLR–DEL,1 stop,BOM,11 hr,173 kg CO2,+45% emissions,"₹14,014"
464,Aug 15,Vistara,9:40 PM,2:05 PM+1,16 hr 25 min,BLR–DEL,1 stop,BOM,12 hr 30 min,173 kg CO2,+45% emissions,"₹14,014"
465,Aug 15,Vistara,9:40 PM,4:55 PM+1,19 hr 15 min,BLR–DEL,1 stop,BOM,15 hr 15 min,173 kg CO2,+45% emissions,"₹14,014"
466,Aug 15,Vistara,9:40 PM,6:05 PM+1,20 hr 25 min,BLR–DEL,1 stop,BOM,16 hr 20 min,173 kg CO2,+45% emissions,"₹14,014"
467,Aug 15,Vistara,9:40 PM,8:40 PM+1,23 hr,BLR–DEL,1 stop,BOM,19 hr 5 min,173 kg CO2,+45% emissions,"₹14,014"
468,Aug 15,Vistara,9:40 PM,9:55 PM+1,24 hr 15 min,BLR–DEL,1 stop,BOM,20 hr 20 min,173 kg CO2,+45% emissions,"₹14,014"
469,Aug 15,Vistara,9:40 PM,11:00 PM+1,25 hr 20 min,BLR–DEL,1 stop,BOM,21 hr 30 min,173 kg CO2,+45% emissions,"₹14,014"
470,Aug 15,Air India,1:20 PM,3:45 PM,2 hr 25 min,BLR–DEL,Nonstop,-,-,156 kg CO2,+31% emissions,"₹14,090"
471,Aug 15,Vistara,9:30 AM,2:20 PM,4 hr 50 min,BLR–DEL,1 stop,BOM,1 hr,173 kg CO2,+45% emissions,"₹14,177"
472,Aug 15,Vistara,9:30 AM,4:55 PM,7 hr 25 min,BLR–DEL,1 stop,BOM,3 hr 15 min,173 kg CO2,+45% emissions,"₹14,177"
473,Aug 15,Vistara,9:30 AM,8:40 PM,11 hr 10 min,BLR–DEL,1 stop,BOM,7 hr 5 min,173 kg CO2,+45% emissions,"₹14,177"
474,Aug 15,Vistara,9:30 AM,9:55 PM,12 hr 25 min,BLR–DEL,1 stop,BOM,8 hr 20 min,173 kg CO2,+45% emissions,"₹14,177"
475,Aug 15,Vistara,9:30 AM,11:00 PM,13 hr 30 min,BLR–DEL,1 stop,BOM,9 hr 30 min,173 kg CO2,+45% emissions,"₹14,177"
476,Aug 15,Vistara,6:40 AM,6:05 PM,11 hr 25 min,BLR–DEL,1 stop,BOM,7 hr 30 min,173 kg CO2,+45% emissions,"₹14,335"
477,Aug 15,Vistara,6:40 AM,7:40 PM,13 hr,BLR–DEL,1 stop,BOM,9 hr 20 min,173 kg CO2,+45% emissions,"₹14,335"
478,Aug 15,Vistara,8:30 AM,6:05 PM,9 hr 35 min,BLR–DEL,1 stop,BOM,5 hr 30 min,173 kg CO2,+45% emissions,"₹14,335"
479,Aug 15,Vistara,8:30 AM,7:40 PM,11 hr 10 min,BLR–DEL,1 stop,BOM,7 hr 20 min,173 kg CO2,+45% emissions,"₹14,335"
480,Aug 15,Vistara,5:30 PM,9:35 PM,4 hr 5 min,BLR–DEL,1 stop,IDR,1 hr 10 min,148 kg CO2,+24% emissions,"₹14,644"
481,Aug 15,Vistara,6:25 PM,12:10 AM+1,5 hr 45 min,BLR–DEL,1 stop,BOM,1 hr 40 min,173 kg CO2,+45% emissions,"₹14,644"
482,Aug 15,Vistara,6:55 PM,12:10 AM+1,5 hr 15 min,BLR–DEL,1 stop,BOM,1 hr 15 min,173 kg CO2,+45% emissions,"₹14,644"
483,Aug 15,IndiGo,7:10 AM,4:15 PM,9 hr 5 min,BLR–DEL,1 stop,HYD,5 hr 40 min,141 kg CO2,+19% emissions,"₹14,652"
484,Aug 15,IndiGo,11:05 AM,6:20 PM,7 hr 15 min,BLR–DEL,1 stop,PNQ,3 hr 55 min,151 kg CO2,+27% emissions,"₹14,652"
485,Aug 15,IndiGo,12:50 PM,8:00 PM,7 hr 10 min,BLR–DEL,1 stop,HYD,4 hr 5 min,144 kg CO2,+20% emissions,"₹14,652"
486,Aug 15,Vistara,9:30 AM,6:05 PM,8 hr 35 min,BLR–DEL,1 stop,BOM,4 hr 20 min,173 kg CO2,+45% emissions,"₹14,702"
487,Aug 15,Vistara,9:30 AM,7:40 PM,10 hr 10 min,BLR–DEL,1 stop,BOM,6 hr 10 min,173 kg CO2,+45% emissions,"₹14,702"
488,Aug 15,Vistara,11:30 AM,4:30 PM,5 hr,BLR–DEL,1 stop,IXC,50 min,179 kg CO2,+51% emissions,"₹15,012"
489,Aug 15,Vistara,11:30 AM,7:50 PM,8 hr 20 min,BLR–DEL,1 stop,IXC,4 hr 15 min,179 kg CO2,+51% emissions,"₹15,012"
490,Aug 15,Air India,5:00 PM,7:50 PM,2 hr 50 min,BLR–DEL,Nonstop,-,-,156 kg CO2,+31% emissions,"₹15,140"
491,Aug 15,IndiGo,10:15 AM,4:15 PM,6 hr,BLR–DEL,1 stop,HYD,2 hr 35 min,141 kg CO2,+19% emissions,"₹15,298"
492,Aug 15,Vistara,8:10 PM,9:00 AM+1,12 hr 50 min,BLR–DEL,1 stop,HYD,9 hr 50 min,153 kg CO2,+28% emissions,"₹15,537"
493,Aug 15,IndiGo,8:55 AM,8:00 PM,11 hr 5 min,BLR–DEL,1 stop,HYD,7 hr 55 min,143 kg CO2,+20% emissions,"₹15,582"
494,Aug 15,Vistara,9:25 AM,8:45 PM,11 hr 20 min,BLR–DEL,1 stop,GAU,5 hr 50 min,250 kg CO2,+110% emissions,"₹15,726"
495,Aug 15,IndiGo,7:25 AM,6:05 PM,10 hr 40 min,BLR–DEL,1 stop,BHO,7 hr 15 min,143 kg CO2,+20% emissions,"₹15,760"
496,Aug 15,IndiGo,7:30 AM,1:45 PM,6 hr 15 min,BLR–DEL,1 stop,IDR,2 hr 35 min,144 kg CO2,+20% emissions,"₹15,792"
497,Aug 15,IndiGo,11:05 PM,9:45 AM+1,10 hr 40 min,BLR–DEL,1 stop,PNQ,7 hr 15 min,151 kg CO2,+27% emissions,"₹15,944"
498,Aug 15,GO FIRST,9:20 AM,7:05 PM,9 hr 45 min,BLR–DEL,1 stop,PAT,5 hr 30 min,–,-,"₹16,105"
499,Aug 15,Vistara,4:45 PM,10:30 PM,5 hr 45 min,BLR–DEL,1 stop,PNQ,2 hr 15 min,162 kg CO2,+36% emissions,"₹16,429"
500,Aug 15,Vistara,6:25 PM,11:00 PM,4 hr 35 min,BLR–DEL,1 stop,BOM,40 min,173 kg CO2,+45% emissions,"₹16,429"
501,Aug 15,Vistara,7:55 PM,7:40 PM+1,23 hr 45 min,BLR–DEL,1 stop,BOM,19 hr 45 min,173 kg CO2,+45% emissions,"₹16,429"
502,Aug 15,Vistara,9:40 PM,2:20 PM+1,16 hr 40 min,BLR–DEL,1 stop,BOM,13 hr,173 kg CO2,+45% emissions,"₹16,429"
503,Aug 15,Vistara,9:40 PM,7:40 PM+1,22 hr,BLR–DEL,1 stop,BOM,18 hr 10 min,173 kg CO2,+45% emissions,"₹16,429"
504,Aug 15,SpiceJet,8:00 PM,9:00 PM+1,25 hr,BLR–DEL,1 stop,GOI,20 hr 45 min,192 kg CO2,+61% emissions,"₹16,525"
505,Aug 15,IndiGo,8:55 AM,4:15 PM,7 hr 20 min,BLR–DEL,1 stop,HYD,3 hr 55 min,143 kg CO2,+20% emissions,"₹17,235"
506,Aug 15,SpiceJet,8:00 PM,5:45 PM+1,21 hr 45 min,BLR–DEL,1 stop,GOI,17 hr 40 min,192 kg CO2,+61% emissions,"₹17,471"
507,Aug 15,IndiGo,10:15 AM,6:35 PM,8 hr 20 min,BLR–DEL,1 stop,HYD,5 hr,141 kg CO2,+19% emissions,"₹18,527"
508,Aug 15,AirAsia (India),11:15 AM,1:55 PM,2 hr 40 min,BLR–DEL,Nonstop,-,-,95 kg CO2,-19% emissions,"₹18,995"
509,Aug 15,Vistara,12:45 PM,5:05 PM+1,28 hr 20 min,BLR–DEL,1 stop,GOI,24 hr 20 min,181 kg CO2,+52% emissions,"₹18,998"
510,Aug 15,IndiGo,8:55 AM,6:35 PM,9 hr 40 min,BLR–DEL,1 stop,HYD,6 hr 20 min,143 kg CO2,+20% emissions,"₹19,173"
511,Aug 15,Vistara,7:45 AM,3:35 PM,7 hr 50 min,BLR–DEL,1 stop,HYD,4 hr 30 min,153 kg CO2,+28% emissions,"₹19,684"
512,Aug 15,IndiGo,12:50 PM,6:35 PM,5 hr 45 min,BLR–DEL,1 stop,HYD,2 hr 30 min,144 kg CO2,+20% emissions,"₹19,818"
513,Aug 15,SriLankan,9:10 PM,4:15 AM+1,7 hr 5 min,BLR–DEL,1 stop,CMB,2 hr,277 kg CO2,+133% emissions,"₹19,861"
514,Aug 15,SriLankan,9:10 PM,5:45 PM+1,20 hr 35 min,BLR–DEL,1 stop,CMB,15 hr 30 min,277 kg CO2,+133% emissions,"₹19,861"
515,Aug 15,AirAsia (India),5:30 AM,10:55 AM,5 hr 25 min,BLR–DEL,1 stop,GOI,1 hr 40 min,160 kg CO2,+34% emissions,"₹20,502"
516,Aug 15,AirAsia (India),6:15 PM,9:10 PM,2 hr 55 min,BLR–DEL,Nonstop,-,-,95 kg CO2,-19% emissions,"₹20,569"
517,Aug 15,SpiceJet,6:05 AM,6:15 PM,12 hr 10 min,BLR–DEL,1 stop,IXB,6 hr 45 min,233 kg CO2,+95% emissions,"₹20,690"
518,Aug 15,Vistara,12:45 PM,12:40 AM+1,11 hr 55 min,BLR–DEL,1 stop,GOI,7 hr 50 min,172 kg CO2,+44% emissions,"₹21,994"
519,Aug 15,AirAsia (India),10:55 AM,9:45 PM,10 hr 50 min,BLR–DEL,1 stop,COK,6 hr 40 min,182 kg CO2,+53% emissions,"₹22,325"
520,Aug 15,AirAsia (India),1:40 PM,7:20 PM,5 hr 40 min,BLR–DEL,1 stop,GOI,1 hr 50 min,139 kg CO2,+16% emissions,"₹24,376"
521,Aug 15,Oman Air,10:10 AM,1:35 PM+1,27 hr 25 min,BLR–DEL,1 stop,MCT,20 hr 35 min,328 kg CO2,+176% emissions,"₹34,435"
522,Aug 15,THAI,12:30 AM,8:55 PM,20 hr 25 min,BLR–DEL,1 stop,BKK,12 hr,379 kg CO2,+219% emissions,"₹51,823"
523,Aug 15,Gulf Air,4:45 AM,8:50 PM,16 hr 5 min,BLR–DEL,1 stop,BAH,7 hr 5 min,473 kg CO2,+298% emissions,"₹54,537"
524,Aug 15,Emirates,10:35 AM,2:45 AM+1,16 hr 10 min,BLR–DEL,1 stop,DXB,9 hr 15 min,367 kg CO2,+208% emissions,"₹63,854"
525,Aug 15,Emirates,10:35 AM,8:20 PM,9 hr 45 min,BLR–DEL,1 stop,DXB,2 hr 40 min,367 kg CO2,+208% emissions,"₹67,813"
526,Aug 15,Etihad,4:40 AM,7:30 PM,14 hr 50 min,BLR–DEL,1 stop,AUH,7 hr 30 min,"1,334 kg CO2","+1,023% emissions","₹75,389"
527,Aug 15,Etihad,4:40 AM,3:15 AM+1,22 hr 35 min,BLR–DEL,1 stop,AUH,15 hr 15 min,"1,245 kg CO2",+948% emissions,"₹75,389"
528,Aug 15,IndiGo,4:40 AM,7:25 AM,2 hr 45 min,BLR–DEL,Nonstop,-,-,115 kg CO2,Avg emissions,"₹5,707"
529,Aug 15,GO FIRST,5:45 AM,8:35 AM,2 hr 50 min,BLR–DEL,Nonstop,-,-,111 kg CO2,-6% emissions,"₹6,398"
530,Aug 15,Vistara,7:00 AM,9:40 AM,2 hr 40 min,BLR–DEL,Nonstop,-,-,127 kg CO2,+7% emissions,"₹6,870"
531,Aug 15,IndiGo,6:00 AM,8:45 AM,2 hr 45 min,BLR–DEL,Nonstop,-,-,115 kg CO2,Avg emissions,"₹7,435"
532,Aug 15,IndiGo,7:45 AM,10:30 AM,2 hr 45 min,BLR–DEL,Nonstop,-,-,120 kg CO2,Avg emissions,"₹7,435"
533,Aug 15,Vistara,8:00 AM,10:40 AM,2 hr 40 min,BLR–DEL,Nonstop,-,-,127 kg CO2,+7% emissions,"₹7,520"
534,Aug 15,IndiGo,6:20 AM,2:10 PM,7 hr 50 min,BLR–DEL,1 stop,NAG,3 hr 40 min,144 kg CO2,+21% emissions,"₹7,549"
535,Aug 15,IndiGo,2:10 PM,1:00 AM+1,10 hr 50 min,BLR–DEL,1 stop,NAG,7 hr 15 min,144 kg CO2,+21% emissions,"₹7,549"
536,Aug 15,IndiGo,5:55 PM,1:00 AM+1,7 hr 5 min,BLR–DEL,1 stop,NAG,3 hr 30 min,144 kg CO2,+21% emissions,"₹7,549"
537,Aug 15,IndiGo,6:25 PM,12:05 AM+1,5 hr 40 min,BLR–DEL,1 stop,IDR,1 hr 50 min,144 kg CO2,+20% emissions,"₹7,549"
538,Aug 15,AirAsia (India),12:25 AM,3:20 AM,2 hr 55 min,BLR–DEL,Nonstop,-,-,95 kg CO2,-19% emissions,"₹7,655"
539,Aug 15,AirAsia (India),6:10 AM,8:55 AM,2 hr 45 min,BLR–DEL,Nonstop,-,-,119 kg CO2,Avg emissions,"₹7,655"
540,Aug 15,AirAsia (India),2:00 PM,12:45 AM+1,10 hr 45 min,BLR–DEL,1 stop,LKO,7 hr 20 min,159 kg CO2,+33% emissions,"₹7,655"
541,Aug 15,Air India,6:10 AM,8:55 AM,2 hr 45 min,BLR–DEL,Nonstop,-,-,156 kg CO2,+31% emissions,"₹7,685"
542,Aug 15,AirAsia (India),3:35 AM,9:05 AM,5 hr 30 min,BLR–DEL,1 stop,PNQ,1 hr 50 min,138 kg CO2,+16% emissions,"₹7,970"
543,Aug 15,AirAsia (India),5:05 AM,2:20 PM,9 hr 15 min,BLR–DEL,1 stop,IXR,4 hr 45 min,184 kg CO2,+54% emissions,"₹7,970"
544,Aug 15,AirAsia (India),8:45 AM,3:20 PM,6 hr 35 min,BLR–DEL,1 stop,GAU,50 min,242 kg CO2,+103% emissions,"₹7,970"
545,Aug 15,AirAsia (India),3:15 PM,9:20 PM,6 hr 5 min,BLR–DEL,1 stop,VTZ,2 hr 10 min,170 kg CO2,+42% emissions,"₹7,970"
546,Aug 15,AirAsia (India),10:15 PM,3:45 AM+1,5 hr 30 min,BLR–DEL,1 stop,PNQ,2 hr 10 min,156 kg CO2,+31% emissions,"₹7,970"
547,Aug 15,AirAsia (India),10:15 PM,9:05 AM+1,10 hr 50 min,BLR–DEL,1 stop,PNQ,7 hr 25 min,138 kg CO2,+16% emissions,"₹7,970"
548,Aug 15,AirAsia (India),2:00 PM,9:35 PM,7 hr 35 min,BLR–DEL,1 stop,LKO,4 hr 15 min,159 kg CO2,+33% emissions,"₹8,075"
549,Aug 15,SpiceJet,5:55 AM,8:35 AM,2 hr 40 min,BLR–DEL,Nonstop,-,-,167 kg CO2,+41% emissions,"₹8,182"
550,Aug 15,IndiGo,11:05 PM,2:00 AM+1,2 hr 55 min,BLR–DEL,Nonstop,-,-,115 kg CO2,Avg emissions,"₹8,667"
551,Aug 15,Vistara,4:30 AM,7:40 AM+1,27 hr 10 min,BLR–DEL,1 stop,PNQ,23 hr 35 min,162 kg CO2,+36% emissions,"₹8,738"
552,Aug 15,AirAsia (India),5:10 AM,12:05 PM,6 hr 55 min,BLR–DEL,1 stop,COK,2 hr 30 min,182 kg CO2,+53% emissions,"₹8,915"
553,Aug 15,AirAsia (India),5:40 AM,12:05 PM,6 hr 25 min,BLR–DEL,1 stop,COK,2 hr,182 kg CO2,+53% emissions,"₹8,915"
554,Aug 15,IndiGo,10:05 PM,12:45 AM+1,2 hr 40 min,BLR–DEL,Nonstop,-,-,119 kg CO2,Avg emissions,"₹8,988"
555,Aug 15,SpiceJet,5:30 PM,8:05 PM,2 hr 35 min,BLR–DEL,Nonstop,-,-,167 kg CO2,+41% emissions,"₹9,048"
556,Aug 15,IndiGo,2:30 AM,9:45 AM,7 hr 15 min,BLR–DEL,1 stop,PNQ,3 hr 45 min,151 kg CO2,+27% emissions,"₹9,120"
557,Aug 15,IndiGo,9:20 AM,12:10 PM,2 hr 50 min,BLR–DEL,Nonstop,-,-,115 kg CO2,Avg emissions,"₹9,363"
558,Aug 15,IndiGo,11:45 AM,2:40 PM,2 hr 55 min,BLR–DEL,Nonstop,-,-,115 kg CO2,Avg emissions,"₹9,363"
559,Aug 15,IndiGo,5:25 AM,1:15 PM,7 hr 50 min,BLR–DEL,1 stop,PNQ,4 hr 20 min,151 kg CO2,+26% emissions,"₹9,486"
560,Aug 15,IndiGo,7:10 AM,12:10 PM,5 hr,BLR–DEL,1 stop,HYD,1 hr 35 min,141 kg CO2,+19% emissions,"₹9,486"
561,Aug 15,AirAsia (India),10:30 PM,1:20 AM+1,2 hr 50 min,BLR–DEL,Nonstop,-,-,95 kg CO2,-19% emissions,"₹9,755"
562,Aug 15,GO FIRST,9:00 PM,11:45 PM,2 hr 45 min,BLR–DEL,Nonstop,-,-,111 kg CO2,-6% emissions,"₹9,804"
563,Aug 15,IndiGo,1:55 PM,4:35 PM,2 hr 40 min,BLR–DEL,Nonstop,-,-,115 kg CO2,Avg emissions,"₹9,845"
564,Aug 15,IndiGo,7:15 PM,10:00 PM,2 hr 45 min,BLR–DEL,Nonstop,-,-,115 kg CO2,Avg emissions,"₹9,845"
565,Aug 15,IndiGo,8:30 PM,11:15 PM,2 hr 45 min,BLR–DEL,Nonstop,-,-,115 kg CO2,Avg emissions,"₹9,845"
566,Aug 15,AirAsia (India),5:20 AM,2:55 PM,9 hr 35 min,BLR–DEL,1 stop,IXB,4 hr 20 min,173 kg CO2,+45% emissions,"₹9,971"
567,Aug 15,GO FIRST,8:55 AM,2:20 PM,5 hr 25 min,BLR–DEL,1 stop,BOM,1 hr 35 min,152 kg CO2,+27% emissions,"₹10,014"
568,Aug 15,Vistara,9:45 AM,12:40 PM,2 hr 55 min,BLR–DEL,Nonstop,-,-,127 kg CO2,+7% emissions,"₹10,025"
569,Aug 15,Vistara,6:45 PM,9:25 PM,2 hr 40 min,BLR–DEL,Nonstop,-,-,127 kg CO2,+7% emissions,"₹10,025"
570,Aug 15,AirAsia (India),12:15 PM,7:55 PM,7 hr 40 min,BLR–DEL,1 stop,IXR,3 hr 25 min,164 kg CO2,+38% emissions,"₹10,095"
571,Aug 15,IndiGo,4:10 PM,11:05 PM,6 hr 55 min,BLR–DEL,1 stop,RPR,3 hr 15 min,154 kg CO2,+29% emissions,"₹10,132"
572,Aug 15,IndiGo,9:50 PM,7:40 AM+1,9 hr 50 min,BLR–DEL,1 stop,JAI,6 hr 20 min,142 kg CO2,+19% emissions,"₹10,132"
573,Aug 15,GO FIRST,8:55 AM,5:35 PM,8 hr 40 min,BLR–DEL,1 stop,BOM,4 hr 40 min,152 kg CO2,+27% emissions,"₹10,328"
574,Aug 15,Air India,10:00 AM,12:50 PM,2 hr 50 min,BLR–DEL,Nonstop,-,-,156 kg CO2,+31% emissions,"₹10,415"
575,Aug 15,SpiceJet,1:30 PM,11:20 PM,9 hr 50 min,BLR–DEL,1 stop,PAT,5 hr 10 min,198 kg CO2,+67% emissions,"₹10,561"
576,Aug 15,SpiceJet,1:30 PM,3:05 PM+1,25 hr 35 min,BLR–DEL,1 stop,PAT,21 hr 5 min,–,-,"₹10,561"
577,Aug 15,Vistara,11:30 AM,2:20 PM,2 hr 50 min,BLR–DEL,Nonstop,-,-,127 kg CO2,+7% emissions,"₹10,655"
578,Aug 15,Vistara,5:45 PM,8:20 PM,2 hr 35 min,BLR–DEL,Nonstop,-,-,138 kg CO2,+16% emissions,"₹10,655"
579,Aug 15,Vistara,7:40 PM,10:20 PM,2 hr 40 min,BLR–DEL,Nonstop,-,-,138 kg CO2,+16% emissions,"₹10,655"
580,Aug 15,IndiGo,2:30 AM,1:15 PM,10 hr 45 min,BLR–DEL,1 stop,PNQ,7 hr 15 min,151 kg CO2,+27% emissions,"₹10,778"
581,Aug 15,IndiGo,10:10 PM,7:15 AM+1,9 hr 5 min,BLR–DEL,1 stop,HYD,5 hr 50 min,141 kg CO2,+19% emissions,"₹10,778"
582,Aug 15,GO FIRST,3:35 PM,11:10 PM,7 hr 35 min,BLR–DEL,1 stop,HYD,4 hr 15 min,137 kg CO2,+15% emissions,"₹10,785"
583,Aug 15,IndiGo,2:55 PM,5:45 PM,2 hr 50 min,BLR–DEL,Nonstop,-,-,120 kg CO2,Avg emissions,"₹10,809"
584,Aug 15,IndiGo,4:30 PM,7:15 PM,2 hr 45 min,BLR–DEL,Nonstop,-,-,115 kg CO2,Avg emissions,"₹10,809"
585,Aug 15,IndiGo,6:00 PM,8:45 PM,2 hr 45 min,BLR–DEL,Nonstop,-,-,115 kg CO2,Avg emissions,"₹10,809"
586,Aug 15,Vistara,9:15 PM,11:45 PM,2 hr 30 min,BLR–DEL,Nonstop,-,-,127 kg CO2,+7% emissions,"₹10,830"
587,Aug 15,SpiceJet,9:25 AM,10:15 AM+1,24 hr 50 min,BLR–DEL,1 stop,JLR,20 hr 35 min,131 kg CO2,+10% emissions,"₹10,917"
588,Aug 15,Air India,6:45 AM,12:20 PM,5 hr 35 min,BLR–DEL,1 stop,BOM,1 hr 25 min,211 kg CO2,+77% emissions,"₹10,939"
589,Aug 15,Air India,6:45 AM,9:05 AM+1,26 hr 20 min,BLR–DEL,1 stop,BOM,22 hr 25 min,211 kg CO2,+77% emissions,"₹10,939"
590,Aug 15,Air India,6:45 AM,10:15 AM+1,27 hr 30 min,BLR–DEL,1 stop,BOM,23 hr 25 min,201 kg CO2,+69% emissions,"₹10,939"
591,Aug 15,Air India,8:20 AM,9:05 AM+1,24 hr 45 min,BLR–DEL,1 stop,BOM,20 hr 25 min,200 kg CO2,+68% emissions,"₹10,939"
592,Aug 15,Air India,8:20 AM,10:15 AM+1,25 hr 55 min,BLR–DEL,1 stop,BOM,21 hr 25 min,190 kg CO2,+59% emissions,"₹10,939"
593,Aug 15,Air India,8:20 AM,11:20 AM+1,27 hr,BLR–DEL,1 stop,BOM,22 hr 25 min,200 kg CO2,+68% emissions,"₹10,939"
594,Aug 15,Air India,8:20 AM,12:20 PM+1,28 hr,BLR–DEL,1 stop,BOM,23 hr 25 min,200 kg CO2,+68% emissions,"₹10,939"
595,Aug 15,SpiceJet,9:35 AM,8:45 AM+1,23 hr 10 min,BLR–DEL,1 stop,PNQ,19 hr 25 min,168 kg CO2,+41% emissions,"₹11,106"
596,Aug 15,Air India,9:20 PM,12:10 AM+1,2 hr 50 min,BLR–DEL,Nonstop,-,-,137 kg CO2,+15% emissions,"₹11,150"
597,Aug 15,Air India,6:45 AM,11:20 AM+1,28 hr 35 min,BLR–DEL,1 stop,BOM,24 hr 25 min,211 kg CO2,+77% emissions,"₹11,317"
598,Aug 15,GO FIRST,8:55 AM,9:40 PM,12 hr 45 min,BLR–DEL,1 stop,BOM,9 hr,152 kg CO2,+27% emissions,"₹11,378"
599,Aug 15,Vistara,6:40 AM,12:40 PM,6 hr,BLR–DEL,1 stop,BOM,2 hr 10 min,173 kg CO2,+45% emissions,"₹11,395"
600,Aug 15,Vistara,6:40 AM,8:05 AM+1,25 hr 25 min,BLR–DEL,1 stop,BOM,21 hr 45 min,173 kg CO2,+45% emissions,"₹11,395"
601,Aug 15,Vistara,6:40 AM,8:35 AM+1,25 hr 55 min,BLR–DEL,1 stop,BOM,22 hr 15 min,173 kg CO2,+45% emissions,"₹11,395"
602,Aug 15,Vistara,6:40 AM,9:35 AM+1,26 hr 55 min,BLR–DEL,1 stop,BOM,23 hr 15 min,181 kg CO2,+52% emissions,"₹11,395"
603,Aug 15,Vistara,8:30 AM,8:05 AM+1,23 hr 35 min,BLR–DEL,1 stop,BOM,19 hr 45 min,173 kg CO2,+45% emissions,"₹11,395"
604,Aug 15,Vistara,8:30 AM,8:35 AM+1,24 hr 5 min,BLR–DEL,1 stop,BOM,20 hr 15 min,173 kg CO2,+45% emissions,"₹11,395"
605,Aug 15,Vistara,8:30 AM,9:35 AM+1,25 hr 5 min,BLR–DEL,1 stop,BOM,21 hr 15 min,181 kg CO2,+52% emissions,"₹11,395"
606,Aug 15,Vistara,8:30 AM,11:00 AM+1,26 hr 30 min,BLR–DEL,1 stop,BOM,22 hr 30 min,173 kg CO2,+45% emissions,"₹11,395"
607,Aug 15,IndiGo,7:10 AM,1:55 PM,6 hr 45 min,BLR–DEL,1 stop,HYD,3 hr 20 min,141 kg CO2,+19% emissions,"₹11,424"
608,Aug 15,IndiGo,7:50 AM,3:55 PM,8 hr 5 min,BLR–DEL,1 stop,RPR,4 hr 40 min,158 kg CO2,+32% emissions,"₹11,424"
609,Aug 15,IndiGo,7:50 AM,7:25 PM,11 hr 35 min,BLR–DEL,1 stop,RPR,8 hr,160 kg CO2,+35% emissions,"₹11,424"
610,Aug 15,IndiGo,5:05 PM,4:10 AM+1,11 hr 5 min,BLR–DEL,1 stop,PNQ,7 hr 35 min,151 kg CO2,+27% emissions,"₹11,424"
611,Aug 15,IndiGo,8:30 PM,4:10 AM+1,7 hr 40 min,BLR–DEL,1 stop,PNQ,4 hr 15 min,153 kg CO2,+28% emissions,"₹11,452"
612,Aug 15,Air India,6:45 AM,3:15 PM,8 hr 30 min,BLR–DEL,1 stop,BOM,4 hr 25 min,211 kg CO2,+77% emissions,"₹11,464"
613,Aug 15,Air India,6:45 AM,6:20 PM,11 hr 35 min,BLR–DEL,1 stop,BOM,7 hr 25 min,206 kg CO2,+73% emissions,"₹11,464"
614,Aug 15,Air India,8:20 AM,3:15 PM,6 hr 55 min,BLR–DEL,1 stop,BOM,2 hr 25 min,200 kg CO2,+68% emissions,"₹11,464"
615,Aug 15,Air India,8:20 AM,6:20 PM,10 hr,BLR–DEL,1 stop,BOM,5 hr 25 min,195 kg CO2,+64% emissions,"₹11,464"
616,Aug 15,SpiceJet,9:35 AM,4:40 AM+1,19 hr 5 min,BLR–DEL,1 stop,PNQ,15 hr 25 min,211 kg CO2,+77% emissions,"₹11,539"
617,Aug 15,Vistara,9:30 AM,8:05 AM+1,22 hr 35 min,BLR–DEL,1 stop,BOM,18 hr 35 min,173 kg CO2,+45% emissions,"₹11,762"
618,Aug 15,Vistara,9:30 AM,8:35 AM+1,23 hr 5 min,BLR–DEL,1 stop,BOM,19 hr 5 min,173 kg CO2,+45% emissions,"₹11,762"
619,Aug 15,Vistara,9:30 AM,9:35 AM+1,24 hr 5 min,BLR–DEL,1 stop,BOM,20 hr 5 min,181 kg CO2,+52% emissions,"₹11,762"
620,Aug 15,Vistara,9:30 AM,11:00 AM+1,25 hr 30 min,BLR–DEL,1 stop,BOM,21 hr 20 min,173 kg CO2,+45% emissions,"₹11,762"
621,Aug 15,Vistara,9:30 AM,12:40 PM+1,27 hr 10 min,BLR–DEL,1 stop,BOM,23 hr,173 kg CO2,+45% emissions,"₹11,762"
622,Aug 15,IndiGo,11:05 PM,4:10 AM+1,5 hr 5 min,BLR–DEL,1 stop,PNQ,1 hr 35 min,151 kg CO2,+27% emissions,"₹11,767"
623,Aug 15,Vistara,6:40 AM,11:00 AM+1,28 hr 20 min,BLR–DEL,1 stop,BOM,24 hr 30 min,173 kg CO2,+45% emissions,"₹11,773"
624,Aug 15,Vistara,8:30 AM,12:40 PM+1,28 hr 10 min,BLR–DEL,1 stop,BOM,24 hr 10 min,173 kg CO2,+45% emissions,"₹11,773"
625,Aug 15,GO FIRST,5:00 PM,11:30 PM,6 hr 30 min,BLR–DEL,1 stop,BOM,2 hr 20 min,152 kg CO2,+27% emissions,"₹11,926"
626,Aug 15,GO FIRST,5:00 PM,1:10 AM+1,8 hr 10 min,BLR–DEL,1 stop,BOM,4 hr 5 min,152 kg CO2,+27% emissions,"₹11,926"
627,Aug 15,GO FIRST,5:00 PM,2:15 AM+1,9 hr 15 min,BLR–DEL,1 stop,BOM,5 hr,152 kg CO2,+27% emissions,"₹11,926"
628,Aug 15,GO FIRST,6:15 PM,11:30 PM,5 hr 15 min,BLR–DEL,1 stop,BOM,1 hr 10 min,152 kg CO2,+27% emissions,"₹11,926"
629,Aug 15,GO FIRST,6:15 PM,1:10 AM+1,6 hr 55 min,BLR–DEL,1 stop,BOM,2 hr 55 min,152 kg CO2,+27% emissions,"₹11,926"
630,Aug 15,GO FIRST,6:15 PM,2:15 AM+1,8 hr,BLR–DEL,1 stop,BOM,3 hr 50 min,152 kg CO2,+27% emissions,"₹11,926"
631,Aug 15,GO FIRST,9:20 AM,2:55 PM,5 hr 35 min,BLR–DEL,1 stop,PAT,1 hr 15 min,174 kg CO2,+46% emissions,"₹12,007"
632,Aug 15,GO FIRST,9:20 AM,4:25 PM,7 hr 5 min,BLR–DEL,1 stop,PAT,2 hr 50 min,174 kg CO2,+46% emissions,"₹12,007"
633,Aug 15,GO FIRST,5:45 PM,1:30 AM+1,7 hr 45 min,BLR–DEL,1 stop,PNQ,4 hr 10 min,146 kg CO2,+23% emissions,"₹12,009"
634,Aug 15,Vistara,6:40 AM,12:10 AM+1,17 hr 30 min,BLR–DEL,1 stop,BOM,13 hr 40 min,173 kg CO2,+45% emissions,"₹12,025"
635,Aug 15,Vistara,8:30 AM,12:10 AM+1,15 hr 40 min,BLR–DEL,1 stop,BOM,11 hr 40 min,173 kg CO2,+45% emissions,"₹12,025"
636,Aug 15,IndiGo,3:35 PM,9:55 PM,6 hr 20 min,BLR–DEL,1 stop,JAI,2 hr 45 min,135 kg CO2,+14% emissions,"₹12,064"
637,Aug 15,IndiGo,8:55 AM,1:55 PM,5 hr,BLR–DEL,1 stop,HYD,1 hr 35 min,143 kg CO2,+20% emissions,"₹12,069"
638,Aug 15,IndiGo,3:45 PM,12:45 AM+1,9 hr,BLR–DEL,1 stop,HYD,5 hr 40 min,141 kg CO2,+19% emissions,"₹12,069"
639,Aug 15,IndiGo,8:30 PM,2:20 AM+1,5 hr 50 min,BLR–DEL,1 stop,PNQ,2 hr 25 min,153 kg CO2,+28% emissions,"₹12,069"
640,Aug 15,Vistara,9:30 AM,2:05 PM+1,28 hr 35 min,BLR–DEL,1 stop,BOM,24 hr 30 min,173 kg CO2,+45% emissions,"₹12,140"
641,Aug 15,Vistara,6:40 AM,2:05 PM,7 hr 25 min,BLR–DEL,1 stop,BOM,3 hr 40 min,173 kg CO2,+45% emissions,"₹12,235"
642,Aug 15,Vistara,8:30 AM,2:05 PM,5 hr 35 min,BLR–DEL,1 stop,BOM,1 hr 40 min,173 kg CO2,+45% emissions,"₹12,235"
643,Aug 15,Air India,6:45 AM,8:10 PM,13 hr 25 min,BLR–DEL,1 stop,BOM,9 hr 25 min,211 kg CO2,+77% emissions,"₹12,304"
644,Aug 15,Air India,6:45 AM,9:15 PM,14 hr 30 min,BLR–DEL,1 stop,BOM,10 hr 25 min,211 kg CO2,+77% emissions,"₹12,304"
645,Aug 15,Air India,8:20 AM,8:10 PM,11 hr 50 min,BLR–DEL,1 stop,BOM,7 hr 25 min,200 kg CO2,+68% emissions,"₹12,304"
646,Aug 15,Air India,8:20 AM,9:15 PM,12 hr 55 min,BLR–DEL,1 stop,BOM,8 hr 25 min,200 kg CO2,+68% emissions,"₹12,304"
647,Aug 15,IndiGo,8:30 PM,6:55 AM+1,10 hr 25 min,BLR–DEL,1 stop,PNQ,7 hr 10 min,156 kg CO2,+31% emissions,"₹12,379"
648,Aug 15,Vistara,9:30 AM,12:10 AM+1,14 hr 40 min,BLR–DEL,1 stop,BOM,10 hr 30 min,173 kg CO2,+45% emissions,"₹12,392"
649,Aug 15,SpiceJet,9:25 AM,8:50 PM,11 hr 25 min,BLR–DEL,1 stop,JLR,6 hr 55 min,131 kg CO2,+10% emissions,"₹12,431"
650,Aug 15,IndiGo,12:50 PM,10:20 PM,9 hr 30 min,BLR–DEL,1 stop,HYD,6 hr 10 min,144 kg CO2,+20% emissions,"₹12,432"
651,Aug 15,IndiGo,3:35 PM,11:25 PM,7 hr 50 min,BLR–DEL,1 stop,JAI,4 hr 20 min,141 kg CO2,+18% emissions,"₹12,484"
652,Aug 15,SpiceJet,9:35 AM,7:45 PM,10 hr 10 min,BLR–DEL,1 stop,PNQ,6 hr 25 min,211 kg CO2,+77% emissions,"₹12,621"
653,Aug 15,Vistara,8:10 PM,12:30 PM+1,16 hr 20 min,BLR–DEL,1 stop,HYD,13 hr,161 kg CO2,+35% emissions,"₹12,649"
654,Aug 15,Vistara,8:10 PM,3:35 PM+1,19 hr 25 min,BLR–DEL,1 stop,HYD,16 hr 15 min,153 kg CO2,+28% emissions,"₹12,649"
655,Aug 15,IndiGo,5:05 PM,11:00 PM,5 hr 55 min,BLR–DEL,1 stop,PNQ,2 hr 25 min,155 kg CO2,+30% emissions,"₹12,694"
656,Aug 15,IndiGo,5:05 PM,2:20 AM+1,9 hr 15 min,BLR–DEL,1 stop,PNQ,5 hr 45 min,151 kg CO2,+27% emissions,"₹12,694"
657,Aug 15,IndiGo,11:05 PM,6:55 AM+1,7 hr 50 min,BLR–DEL,1 stop,PNQ,4 hr 30 min,154 kg CO2,+29% emissions,"₹12,694"
658,Aug 15,IndiGo,12:50 PM,11:30 PM,10 hr 40 min,BLR–DEL,1 stop,HYD,7 hr 25 min,144 kg CO2,+20% emissions,"₹12,715"
659,Aug 15,IndiGo,2:10 PM,7:30 PM,5 hr 20 min,BLR–DEL,1 stop,NAG,1 hr 50 min,147 kg CO2,+23% emissions,"₹12,715"
660,Aug 15,IndiGo,6:50 PM,12:45 AM+1,5 hr 55 min,BLR–DEL,1 stop,HYD,2 hr 30 min,143 kg CO2,+20% emissions,"₹12,715"
661,Aug 15,IndiGo,3:45 PM,10:20 PM,6 hr 35 min,BLR–DEL,1 stop,HYD,3 hr 10 min,141 kg CO2,+19% emissions,"₹12,747"
662,Aug 15,GO FIRST,5:00 PM,11:00 PM,6 hr,BLR–DEL,1 stop,BOM,1 hr 50 min,152 kg CO2,+27% emissions,"₹12,813"
663,Aug 15,Vistara,4:30 AM,10:30 PM,18 hr,BLR–DEL,1 stop,PNQ,14 hr 40 min,162 kg CO2,+36% emissions,"₹12,859"
664,Aug 15,IndiGo,8:50 AM,3:20 PM,6 hr 30 min,BLR–DEL,1 stop,JAI,2 hr 55 min,141 kg CO2,+18% emissions,"₹12,904"
665,Aug 15,Air India,7:10 PM,9:05 AM+1,13 hr 55 min,BLR–DEL,1 stop,BOM,9 hr 55 min,203 kg CO2,+70% emissions,"₹12,934"
666,Aug 15,Air India,7:10 PM,10:15 AM+1,15 hr 5 min,BLR–DEL,1 stop,BOM,10 hr 55 min,192 kg CO2,+62% emissions,"₹12,934"
667,Aug 15,Air India,7:10 PM,11:20 AM+1,16 hr 10 min,BLR–DEL,1 stop,BOM,11 hr 55 min,203 kg CO2,+70% emissions,"₹12,934"
668,Aug 15,Air India,7:10 PM,12:20 PM+1,17 hr 10 min,BLR–DEL,1 stop,BOM,12 hr 55 min,203 kg CO2,+70% emissions,"₹12,934"
669,Aug 15,Air India,7:10 PM,3:15 PM+1,20 hr 5 min,BLR–DEL,1 stop,BOM,15 hr 55 min,203 kg CO2,+70% emissions,"₹12,934"
670,Aug 15,Air India,7:10 PM,6:20 PM+1,23 hr 10 min,BLR–DEL,1 stop,BOM,18 hr 55 min,198 kg CO2,+66% emissions,"₹12,934"
671,Aug 15,Air India,7:10 PM,8:10 PM+1,25 hr,BLR–DEL,1 stop,BOM,20 hr 55 min,203 kg CO2,+70% emissions,"₹12,934"
672,Aug 15,Air India,7:10 PM,9:15 PM+1,26 hr 5 min,BLR–DEL,1 stop,BOM,21 hr 55 min,203 kg CO2,+70% emissions,"₹12,934"
673,Aug 15,GO FIRST,5:30 AM,2:30 PM,9 hr,BLR–DEL,1 stop,PNQ,5 hr 30 min,146 kg CO2,+23% emissions,"₹12,955"
674,Aug 15,Vistara,7:45 AM,12:30 PM,4 hr 45 min,BLR–DEL,1 stop,HYD,1 hr 15 min,161 kg CO2,+35% emissions,"₹13,069"
675,Aug 15,AirAsia (India),12:50 PM,8:25 PM,7 hr 35 min,BLR–DEL,1 stop,PNQ,3 hr 40 min,138 kg CO2,+16% emissions,"₹13,167"
676,Aug 15,Vistara,4:45 PM,7:40 AM+1,14 hr 55 min,BLR–DEL,1 stop,PNQ,11 hr 10 min,162 kg CO2,+36% emissions,"₹13,279"
677,Aug 15,Vistara,4:45 PM,1:30 PM+1,20 hr 45 min,BLR–DEL,1 stop,PNQ,16 hr 55 min,162 kg CO2,+36% emissions,"₹13,279"
678,Aug 15,Vistara,4:45 PM,7:10 PM+1,26 hr 25 min,BLR–DEL,1 stop,PNQ,22 hr 35 min,162 kg CO2,+36% emissions,"₹13,279"
679,Aug 15,IndiGo,3:45 PM,11:30 PM,7 hr 45 min,BLR–DEL,1 stop,HYD,4 hr 25 min,141 kg CO2,+19% emissions,"₹13,361"
680,Aug 15,IndiGo,6:50 PM,11:30 PM,4 hr 40 min,BLR–DEL,1 stop,HYD,1 hr 15 min,143 kg CO2,+20% emissions,"₹13,361"
681,Aug 15,GO FIRST,5:45 PM,11:15 PM,5 hr 30 min,BLR–DEL,1 stop,PNQ,2 hr 10 min,146 kg CO2,+23% emissions,"₹13,375"
682,Aug 15,Vistara,4:30 AM,1:30 PM,9 hr,BLR–DEL,1 stop,PNQ,5 hr 20 min,162 kg CO2,+36% emissions,"₹13,384"
683,Aug 15,Vistara,9:40 PM,12:10 AM+2,26 hr 30 min,BLR–DEL,1 stop,BOM,22 hr 30 min,173 kg CO2,+45% emissions,"₹13,547"
684,Aug 15,Vistara,6:40 AM,2:20 PM,7 hr 40 min,BLR–DEL,1 stop,BOM,4 hr 10 min,173 kg CO2,+45% emissions,"₹13,810"
685,Aug 15,Vistara,6:40 AM,4:55 PM,10 hr 15 min,BLR–DEL,1 stop,BOM,6 hr 25 min,173 kg CO2,+45% emissions,"₹13,810"
686,Aug 15,Vistara,6:40 AM,8:40 PM,14 hr,BLR–DEL,1 stop,BOM,10 hr 15 min,173 kg CO2,+45% emissions,"₹13,810"
687,Aug 15,Vistara,6:40 AM,9:55 PM,15 hr 15 min,BLR–DEL,1 stop,BOM,11 hr 30 min,173 kg CO2,+45% emissions,"₹13,810"
688,Aug 15,Vistara,6:40 AM,11:00 PM,16 hr 20 min,BLR–DEL,1 stop,BOM,12 hr 40 min,173 kg CO2,+45% emissions,"₹13,810"
689,Aug 15,Vistara,8:30 AM,2:20 PM,5 hr 50 min,BLR–DEL,1 stop,BOM,2 hr 10 min,173 kg CO2,+45% emissions,"₹13,810"
690,Aug 15,Vistara,8:30 AM,4:55 PM,8 hr 25 min,BLR–DEL,1 stop,BOM,4 hr 25 min,173 kg CO2,+45% emissions,"₹13,810"
691,Aug 15,Vistara,8:30 AM,8:40 PM,12 hr 10 min,BLR–DEL,1 stop,BOM,8 hr 15 min,173 kg CO2,+45% emissions,"₹13,810"
692,Aug 15,Vistara,8:30 AM,9:55 PM,13 hr 25 min,BLR–DEL,1 stop,BOM,9 hr 30 min,173 kg CO2,+45% emissions,"₹13,810"
693,Aug 15,Vistara,8:30 AM,11:00 PM,14 hr 30 min,BLR–DEL,1 stop,BOM,10 hr 40 min,173 kg CO2,+45% emissions,"₹13,810"
694,Aug 15,IndiGo,10:10 PM,9:15 AM+1,11 hr 5 min,BLR–DEL,1 stop,HYD,7 hr 45 min,141 kg CO2,+19% emissions,"₹13,902"
695,Aug 15,Vistara,4:30 AM,7:10 PM,14 hr 40 min,BLR–DEL,1 stop,PNQ,11 hr,162 kg CO2,+36% emissions,"₹13,909"
696,Aug 15,Vistara,7:55 PM,12:10 AM+2,28 hr 15 min,BLR–DEL,1 stop,BOM,24 hr 5 min,173 kg CO2,+45% emissions,"₹13,925"
697,Aug 15,Vistara,4:45 PM,10:30 PM+1,29 hr 45 min,BLR–DEL,1 stop,PNQ,26 hr 15 min,162 kg CO2,+36% emissions,"₹13,972"
698,Aug 15,IndiGo,10:15 AM,8:00 PM,9 hr 45 min,BLR–DEL,1 stop,HYD,6 hr 35 min,141 kg CO2,+19% emissions,"₹14,007"
699,Aug 15,Vistara,6:25 PM,8:05 AM+1,13 hr 40 min,BLR–DEL,1 stop,BOM,9 hr 45 min,173 kg CO2,+45% emissions,"₹14,014"
700,Aug 15,Vistara,6:25 PM,12:40 PM+1,18 hr 15 min,BLR–DEL,1 stop,BOM,14 hr 10 min,173 kg CO2,+45% emissions,"₹14,014"
701,Aug 15,Vistara,6:25 PM,4:55 PM+1,22 hr 30 min,BLR–DEL,1 stop,BOM,18 hr 25 min,173 kg CO2,+45% emissions,"₹14,014"
702,Aug 15,Vistara,6:25 PM,6:05 PM+1,23 hr 40 min,BLR–DEL,1 stop,BOM,19 hr 30 min,173 kg CO2,+45% emissions,"₹14,014"
703,Aug 15,Vistara,6:25 PM,8:40 PM+1,26 hr 15 min,BLR–DEL,1 stop,BOM,22 hr 15 min,173 kg CO2,+45% emissions,"₹14,014"
704,Aug 15,Vistara,6:25 PM,9:55 PM+1,27 hr 30 min,BLR–DEL,1 stop,BOM,23 hr 30 min,173 kg CO2,+45% emissions,"₹14,014"
705,Aug 15,Vistara,6:55 PM,8:05 AM+1,13 hr 10 min,BLR–DEL,1 stop,BOM,9 hr 20 min,173 kg CO2,+45% emissions,"₹14,014"
706,Aug 15,Vistara,6:55 PM,8:35 AM+1,13 hr 40 min,BLR–DEL,1 stop,BOM,9 hr 50 min,173 kg CO2,+45% emissions,"₹14,014"
707,Aug 15,Vistara,6:55 PM,12:40 PM+1,17 hr 45 min,BLR–DEL,1 stop,BOM,13 hr 45 min,173 kg CO2,+45% emissions,"₹14,014"
708,Aug 15,Vistara,6:55 PM,2:05 PM+1,19 hr 10 min,BLR–DEL,1 stop,BOM,15 hr 15 min,173 kg CO2,+45% emissions,"₹14,014"
709,Aug 15,Vistara,6:55 PM,4:55 PM+1,22 hr,BLR–DEL,1 stop,BOM,18 hr,173 kg CO2,+45% emissions,"₹14,014"
710,Aug 15,Vistara,6:55 PM,6:05 PM+1,23 hr 10 min,BLR–DEL,1 stop,BOM,19 hr 5 min,173 kg CO2,+45% emissions,"₹14,014"
711,Aug 15,Vistara,6:55 PM,8:40 PM+1,25 hr 45 min,BLR–DEL,1 stop,BOM,21 hr 50 min,173 kg CO2,+45% emissions,"₹14,014"
712,Aug 15,Vistara,6:55 PM,9:55 PM+1,27 hr,BLR–DEL,1 stop,BOM,23 hr 5 min,173 kg CO2,+45% emissions,"₹14,014"
713,Aug 15,Vistara,7:55 PM,8:05 AM+1,12 hr 10 min,BLR–DEL,1 stop,BOM,8 hr 10 min,173 kg CO2,+45% emissions,"₹14,014"
714,Aug 15,Vistara,7:55 PM,8:35 AM+1,12 hr 40 min,BLR–DEL,1 stop,BOM,8 hr 40 min,173 kg CO2,+45% emissions,"₹14,014"
715,Aug 15,Vistara,7:55 PM,9:35 AM+1,13 hr 40 min,BLR–DEL,1 stop,BOM,9 hr 40 min,181 kg CO2,+52% emissions,"₹14,014"
716,Aug 15,Vistara,7:55 PM,12:40 PM+1,16 hr 45 min,BLR–DEL,1 stop,BOM,12 hr 35 min,173 kg CO2,+45% emissions,"₹14,014"
717,Aug 15,Vistara,7:55 PM,2:05 PM+1,18 hr 10 min,BLR–DEL,1 stop,BOM,14 hr 5 min,173 kg CO2,+45% emissions,"₹14,014"
718,Aug 15,Vistara,7:55 PM,4:55 PM+1,21 hr,BLR–DEL,1 stop,BOM,16 hr 50 min,173 kg CO2,+45% emissions,"₹14,014"
719,Aug 15,Vistara,7:55 PM,6:05 PM+1,22 hr 10 min,BLR–DEL,1 stop,BOM,17 hr 55 min,173 kg CO2,+45% emissions,"₹14,014"
720,Aug 15,Vistara,7:55 PM,8:40 PM+1,24 hr 45 min,BLR–DEL,1 stop,BOM,20 hr 40 min,173 kg CO2,+45% emissions,"₹14,014"
721,Aug 15,Vistara,7:55 PM,9:55 PM+1,26 hr,BLR–DEL,1 stop,BOM,21 hr 55 min,173 kg CO2,+45% emissions,"₹14,014"
722,Aug 15,Vistara,7:55 PM,11:00 PM+1,27 hr 5 min,BLR–DEL,1 stop,BOM,23 hr 5 min,173 kg CO2,+45% emissions,"₹14,014"
723,Aug 15,Vistara,9:40 PM,8:05 AM+1,10 hr 25 min,BLR–DEL,1 stop,BOM,6 hr 35 min,173 kg CO2,+45% emissions,"₹14,014"
724,Aug 15,Vistara,9:40 PM,8:35 AM+1,10 hr 55 min,BLR–DEL,1 stop,BOM,7 hr 5 min,173 kg CO2,+45% emissions,"₹14,014"
725,Aug 15,Vistara,9:40 PM,9:35 AM+1,11 hr 55 min,BLR–DEL,1 stop,BOM,8 hr 5 min,181 kg CO2,+52% emissions,"₹14,014"
726,Aug 15,Vistara,9:40 PM,11:00 AM+1,13 hr 20 min,BLR–DEL,1 stop,BOM,9 hr 20 min,173 kg CO2,+45% emissions,"₹14,014"
727,Aug 15,Vistara,9:40 PM,12:40 PM+1,15 hr,BLR–DEL,1 stop,BOM,11 hr,173 kg CO2,+45% emissions,"₹14,014"
728,Aug 15,Vistara,9:40 PM,2:05 PM+1,16 hr 25 min,BLR–DEL,1 stop,BOM,12 hr 30 min,173 kg CO2,+45% emissions,"₹14,014"
729,Aug 15,Vistara,9:40 PM,4:55 PM+1,19 hr 15 min,BLR–DEL,1 stop,BOM,15 hr 15 min,173 kg CO2,+45% emissions,"₹14,014"
730,Aug 15,Vistara,9:40 PM,6:05 PM+1,20 hr 25 min,BLR–DEL,1 stop,BOM,16 hr 20 min,173 kg CO2,+45% emissions,"₹14,014"
731,Aug 15,Vistara,9:40 PM,8:40 PM+1,23 hr,BLR–DEL,1 stop,BOM,19 hr 5 min,173 kg CO2,+45% emissions,"₹14,014"
732,Aug 15,Vistara,9:40 PM,9:55 PM+1,24 hr 15 min,BLR–DEL,1 stop,BOM,20 hr 20 min,173 kg CO2,+45% emissions,"₹14,014"
733,Aug 15,Vistara,9:40 PM,11:00 PM+1,25 hr 20 min,BLR–DEL,1 stop,BOM,21 hr 30 min,173 kg CO2,+45% emissions,"₹14,014"
734,Aug 15,Air India,1:20 PM,3:45 PM,2 hr 25 min,BLR–DEL,Nonstop,-,-,156 kg CO2,+31% emissions,"₹14,090"
735,Aug 15,Vistara,9:30 AM,2:20 PM,4 hr 50 min,BLR–DEL,1 stop,BOM,1 hr,173 kg CO2,+45% emissions,"₹14,177"
736,Aug 15,Vistara,9:30 AM,4:55 PM,7 hr 25 min,BLR–DEL,1 stop,BOM,3 hr 15 min,173 kg CO2,+45% emissions,"₹14,177"
737,Aug 15,Vistara,9:30 AM,8:40 PM,11 hr 10 min,BLR–DEL,1 stop,BOM,7 hr 5 min,173 kg CO2,+45% emissions,"₹14,177"
738,Aug 15,Vistara,9:30 AM,9:55 PM,12 hr 25 min,BLR–DEL,1 stop,BOM,8 hr 20 min,173 kg CO2,+45% emissions,"₹14,177"
739,Aug 15,Vistara,9:30 AM,11:00 PM,13 hr 30 min,BLR–DEL,1 stop,BOM,9 hr 30 min,173 kg CO2,+45% emissions,"₹14,177"
740,Aug 15,Vistara,6:40 AM,6:05 PM,11 hr 25 min,BLR–DEL,1 stop,BOM,7 hr 30 min,173 kg CO2,+45% emissions,"₹14,335"
741,Aug 15,Vistara,6:40 AM,7:40 PM,13 hr,BLR–DEL,1 stop,BOM,9 hr 20 min,173 kg CO2,+45% emissions,"₹14,335"
742,Aug 15,Vistara,8:30 AM,6:05 PM,9 hr 35 min,BLR–DEL,1 stop,BOM,5 hr 30 min,173 kg CO2,+45% emissions,"₹14,335"
743,Aug 15,Vistara,8:30 AM,7:40 PM,11 hr 10 min,BLR–DEL,1 stop,BOM,7 hr 20 min,173 kg CO2,+45% emissions,"₹14,335"
744,Aug 15,Vistara,5:30 PM,9:35 PM,4 hr 5 min,BLR–DEL,1 stop,IDR,1 hr 10 min,148 kg CO2,+24% emissions,"₹14,644"
745,Aug 15,Vistara,6:25 PM,12:10 AM+1,5 hr 45 min,BLR–DEL,1 stop,BOM,1 hr 40 min,173 kg CO2,+45% emissions,"₹14,644"
746,Aug 15,Vistara,6:55 PM,12:10 AM+1,5 hr 15 min,BLR–DEL,1 stop,BOM,1 hr 15 min,173 kg CO2,+45% emissions,"₹14,644"
747,Aug 15,IndiGo,7:10 AM,4:15 PM,9 hr 5 min,BLR–DEL,1 stop,HYD,5 hr 40 min,141 kg CO2,+19% emissions,"₹14,652"
748,Aug 15,IndiGo,11:05 AM,6:20 PM,7 hr 15 min,BLR–DEL,1 stop,PNQ,3 hr 55 min,151 kg CO2,+27% emissions,"₹14,652"
749,Aug 15,IndiGo,12:50 PM,8:00 PM,7 hr 10 min,BLR–DEL,1 stop,HYD,4 hr 5 min,144 kg CO2,+20% emissions,"₹14,652"
750,Aug 15,Vistara,9:30 AM,6:05 PM,8 hr 35 min,BLR–DEL,1 stop,BOM,4 hr 20 min,173 kg CO2,+45% emissions,"₹14,702"
751,Aug 15,Vistara,9:30 AM,7:40 PM,10 hr 10 min,BLR–DEL,1 stop,BOM,6 hr 10 min,173 kg CO2,+45% emissions,"₹14,702"
752,Aug 15,Vistara,11:30 AM,4:30 PM,5 hr,BLR–DEL,1 stop,IXC,50 min,179 kg CO2,+51% emissions,"₹15,012"
753,Aug 15,Vistara,11:30 AM,7:50 PM,8 hr 20 min,BLR–DEL,1 stop,IXC,4 hr 15 min,179 kg CO2,+51% emissions,"₹15,012"
754,Aug 15,Air India,5:00 PM,7:50 PM,2 hr 50 min,BLR–DEL,Nonstop,-,-,156 kg CO2,+31% emissions,"₹15,140"
755,Aug 15,IndiGo,10:15 AM,4:15 PM,6 hr,BLR–DEL,1 stop,HYD,2 hr 35 min,141 kg CO2,+19% emissions,"₹15,298"
756,Aug 15,Vistara,8:10 PM,9:00 AM+1,12 hr 50 min,BLR–DEL,1 stop,HYD,9 hr 50 min,153 kg CO2,+28% emissions,"₹15,537"
757,Aug 15,IndiGo,8:55 AM,8:00 PM,11 hr 5 min,BLR–DEL,1 stop,HYD,7 hr 55 min,143 kg CO2,+20% emissions,"₹15,582"
758,Aug 15,Vistara,9:25 AM,8:45 PM,11 hr 20 min,BLR–DEL,1 stop,GAU,5 hr 50 min,250 kg CO2,+110% emissions,"₹15,726"
759,Aug 15,IndiGo,7:25 AM,6:05 PM,10 hr 40 min,BLR–DEL,1 stop,BHO,7 hr 15 min,143 kg CO2,+20% emissions,"₹15,760"
760,Aug 15,IndiGo,7:30 AM,1:45 PM,6 hr 15 min,BLR–DEL,1 stop,IDR,2 hr 35 min,144 kg CO2,+20% emissions,"₹15,792"
761,Aug 15,IndiGo,11:05 PM,9:45 AM+1,10 hr 40 min,BLR–DEL,1 stop,PNQ,7 hr 15 min,151 kg CO2,+27% emissions,"₹15,944"
762,Aug 15,GO FIRST,9:20 AM,7:05 PM,9 hr 45 min,BLR–DEL,1 stop,PAT,5 hr 30 min,–,-,"₹16,105"
763,Aug 15,Vistara,4:45 PM,10:30 PM,5 hr 45 min,BLR–DEL,1 stop,PNQ,2 hr 15 min,162 kg CO2,+36% emissions,"₹16,429"
764,Aug 15,Vistara,6:25 PM,11:00 PM,4 hr 35 min,BLR–DEL,1 stop,BOM,40 min,173 kg CO2,+45% emissions,"₹16,429"
765,Aug 15,Vistara,7:55 PM,7:40 PM+1,23 hr 45 min,BLR–DEL,1 stop,BOM,19 hr 45 min,173 kg CO2,+45% emissions,"₹16,429"
766,Aug 15,Vistara,9:40 PM,2:20 PM+1,16 hr 40 min,BLR–DEL,1 stop,BOM,13 hr,173 kg CO2,+45% emissions,"₹16,429"
767,Aug 15,Vistara,9:40 PM,7:40 PM+1,22 hr,BLR–DEL,1 stop,BOM,18 hr 10 min,173 kg CO2,+45% emissions,"₹16,429"
768,Aug 15,SpiceJet,8:00 PM,9:00 PM+1,25 hr,BLR–DEL,1 stop,GOI,20 hr 45 min,192 kg CO2,+61% emissions,"₹16,525"
769,Aug 15,IndiGo,8:55 AM,4:15 PM,7 hr 20 min,BLR–DEL,1 stop,HYD,3 hr 55 min,143 kg CO2,+20% emissions,"₹17,235"
770,Aug 15,SpiceJet,8:00 PM,5:45 PM+1,21 hr 45 min,BLR–DEL,1 stop,GOI,17 hr 40 min,192 kg CO2,+61% emissions,"₹17,471"
771,Aug 15,IndiGo,10:15 AM,6:35 PM,8 hr 20 min,BLR–DEL,1 stop,HYD,5 hr,141 kg CO2,+19% emissions,"₹18,527"
772,Aug 15,AirAsia (India),11:15 AM,1:55 PM,2 hr 40 min,BLR–DEL,Nonstop,-,-,95 kg CO2,-19% emissions,"₹18,995"
773,Aug 15,Vistara,12:45 PM,5:05 PM+1,28 hr 20 min,BLR–DEL,1 stop,GOI,24 hr 20 min,181 kg CO2,+52% emissions,"₹18,998"
774,Aug 15,IndiGo,8:55 AM,6:35 PM,9 hr 40 min,BLR–DEL,1 stop,HYD,6 hr 20 min,143 kg CO2,+20% emissions,"₹19,173"
775,Aug 15,Vistara,7:45 AM,3:35 PM,7 hr 50 min,BLR–DEL,1 stop,HYD,4 hr 30 min,153 kg CO2,+28% emissions,"₹19,684"
776,Aug 15,IndiGo,12:50 PM,6:35 PM,5 hr 45 min,BLR–DEL,1 stop,HYD,2 hr 30 min,144 kg CO2,+20% emissions,"₹19,818"
777,Aug 15,SriLankan,9:10 PM,4:15 AM+1,7 hr 5 min,BLR–DEL,1 stop,CMB,2 hr,277 kg CO2,+133% emissions,"₹19,861"
778,Aug 15,SriLankan,9:10 PM,5:45 PM+1,20 hr 35 min,BLR–DEL,1 stop,CMB,15 hr 30 min,277 kg CO2,+133% emissions,"₹19,861"
779,Aug 15,AirAsia (India),5:30 AM,10:55 AM,5 hr 25 min,BLR–DEL,1 stop,GOI,1 hr 40 min,160 kg CO2,+34% emissions,"₹20,502"
780,Aug 15,AirAsia (India),6:15 PM,9:10 PM,2 hr 55 min,BLR–DEL,Nonstop,-,-,95 kg CO2,-19% emissions,"₹20,569"
781,Aug 15,SpiceJet,6:05 AM,6:15 PM,12 hr 10 min,BLR–DEL,1 stop,IXB,6 hr 45 min,233 kg CO2,+95% emissions,"₹20,690"
782,Aug 15,Vistara,12:45 PM,12:40 AM+1,11 hr 55 min,BLR–DEL,1 stop,GOI,7 hr 50 min,172 kg CO2,+44% emissions,"₹21,994"
783,Aug 15,AirAsia (India),10:55 AM,9:45 PM,10 hr 50 min,BLR–DEL,1 stop,COK,6 hr 40 min,182 kg CO2,+53% emissions,"₹22,325"
784,Aug 15,AirAsia (India),1:40 PM,7:20 PM,5 hr 40 min,BLR–DEL,1 stop,GOI,1 hr 50 min,139 kg CO2,+16% emissions,"₹24,376"
785,Aug 15,Oman Air,10:10 AM,1:35 PM+1,27 hr 25 min,BLR–DEL,1 stop,MCT,20 hr 35 min,328 kg CO2,+176% emissions,"₹34,435"
786,Aug 15,THAI,12:30 AM,8:55 PM,20 hr 25 min,BLR–DEL,1 stop,BKK,12 hr,379 kg CO2,+219% emissions,"₹51,823"
787,Aug 15,Gulf Air,4:45 AM,8:50 PM,16 hr 5 min,BLR–DEL,1 stop,BAH,7 hr 5 min,473 kg CO2,+298% emissions,"₹54,537"
788,Aug 15,Emirates,10:35 AM,2:45 AM+1,16 hr 10 min,BLR–DEL,1 stop,DXB,9 hr 15 min,367 kg CO2,+208% emissions,"₹63,854"
789,Aug 15,Emirates,10:35 AM,8:20 PM,9 hr 45 min,BLR–DEL,1 stop,DXB,2 hr 40 min,367 kg CO2,+208% emissions,"₹67,813"
790,Aug 15,Etihad,4:40 AM,7:30 PM,14 hr 50 min,BLR–DEL,1 stop,AUH,7 hr 30 min,"1,334 kg CO2","+1,023% emissions","₹75,389"
791,Aug 15,Etihad,4:40 AM,3:15 AM+1,22 hr 35 min,BLR–DEL,1 stop,AUH,15 hr 15 min,"1,245 kg CO2",+948% emissions,"₹75,389"
